Date,Bid,Ask,Opening price,High price,Low price,Closing price,Average price,Total volume,Turnover,Trades,Blank
2023-05-03,147.00,147.02,147.36,149.08,145.78,147.14,147.398,3028395,446407971.65,6158,
2023-05-02,145.66,145.74,150.00,150.54,145.24,146.12,147.274,3595186,529474290.63,7587,
2023-04-28,149.86,149.92,150.74,151.60,148.90,149.88,149.844,3557712,533095840.41,6659,
2023-04-27,149.84,149.88,151.46,152.76,149.66,150.00,150.772,3861560,582217929.3,6611,
2023-04-26,151.14,151.20,152.22,152.94,149.92,151.36,151.206,3468642,524381360.31,5813,
2023-04-25,152.62,152.66,155.98,155.98,152.02,152.94,152.999,2233228,341664745.54,5247,
2023-04-24,154.50,154.54,155.50,155.66,154.22,154.96,154.987,2405876,368882988.28,4120,
2023-04-21,155.02,155.08,154.84,155.30,153.72,155.30,154.894,1940944,300632915.04,3801,
2023-04-20,154.72,154.74,155.00,155.40,152.74,154.84,154.144,2356479,363191690.46,5407,
2023-04-19,154.84,154.90,155.44,156.38,154.46,155.04,155.072,1878565,291314763.33,4436,
2023-04-18,155.24,155.28,156.76,157.30,154.68,155.36,155.612,1994608,310358639.17,4434,
2023-04-17,156.34,156.40,154.78,157.30,154.76,156.54,156.424,4039856,631929934.04,6688,
2023-04-14,154.98,155.00,153.00,155.74,152.84,154.78,154.483,4062479,627567279.9,9202,
2023-04-13,152.14,152.22,150.76,152.58,150.18,152.24,151.549,2946628,446527909.99,6946,
2023-04-12,150.68,150.76,151.82,152.24,149.70,150.34,150.756,3527371,531785188.16,7908,
2023-04-11,152.00,152.06,152.00,153.54,150.50,151.92,152.006,3802235,577958213.3,8614,
2023-04-06,150.62,150.68,148.08,151.00,147.76,151.00,149.935,1690794,253486236.04,3367,
2023-04-05,148.14,148.16,152.00,152.50,147.30,148.08,149.244,4060503,606130002.44,8455,
2023-04-04,149.68,149.72,147.82,150.36,146.58,149.70,149.283,4742076,707887908.73,9309,
2023-04-03,146.08,146.10,149.00,150.60,145.52,146.66,148.191,6042465,895897578.64,12119,
2023-03-31,146.94,146.98,145.00,149.50,143.60,147.82,147.301,9186570,1353274592.78,19019,
2023-03-30,142.68,142.76,131.40,146.24,129.32,142.90,140.29,19783306,2770272842.82,40024,
2023-03-29,122.54,122.58,122.98,123.06,121.12,122.86,122.523,4052032,496455917.31,6606,
2023-03-28,121.80,121.86,123.16,124.16,120.80,121.90,122.058,2132679,260316730.69,4374,
2023-03-27,122.46,122.50,122.46,124.16,121.78,122.02,122.54,2599616,318634450.55,3776,
2023-03-24,121.00,121.08,123.42,123.46,120.64,121.20,121.503,2833725,344333795.06,6238,
2023-03-23,123.72,123.78,124.84,124.96,122.92,123.94,123.891,2400649,297421132.44,5085,
2023-03-22,124.58,124.62,124.56,126.74,124.46,124.86,125.362,1745070,218781409.94,3557,
2023-03-21,124.72,124.76,123.44,125.84,123.22,124.52,124.527,2594687,322940827.77,4616,
2023-03-20,122.02,122.06,123.00,123.00,119.92,122.44,121.88,2912583,355204080.93,5443,
2023-03-17,122.78,122.84,125.96,126.50,121.50,122.72,123.595,4677635,578082413.78,8971,
2023-03-16,125.38,125.42,124.26,125.88,121.92,125.38,124.63,5085827,633810219.97,9520,
2023-03-15,123.28,123.38,131.30,131.50,121.80,122.94,124.377,8311640,1033926996.09,16961,
2023-03-14,133.92,133.96,132.70,135.30,131.66,134.32,133.889,3541181,474111585.68,5129,
2023-03-13,133.00,133.06,133.26,134.30,130.00,132.88,132.352,3751919,496562042.72,8241,
2023-03-10,132.56,132.60,132.94,133.62,131.36,132.28,132.234,2876304,380347400.23,5944,
2023-03-09,135.78,135.82,134.58,136.36,134.10,135.74,135.516,2377869,322066789.92,5105,
2023-03-08,134.64,134.70,133.64,135.34,133.64,134.70,134.723,2805489,377962641.31,4442,
2023-03-07,133.72,133.76,135.00,136.44,133.28,133.64,134.429,2533114,340685788.93,5071,
2023-03-06,135.86,135.90,134.00,137.48,134.00,135.60,136.013,3837966,520317894.26,6505,
2023-03-03,133.62,133.66,132.20,133.80,132.14,133.20,133.193,2086359,277885915.77,4237,
2023-03-02,131.70,131.74,130.08,133.26,130.04,132.00,131.986,1927443,254486048.92,4515,
2023-03-01,130.76,130.82,132.04,133.16,130.58,130.90,131.625,1979380,260571040.69,4473,
2023-02-28,132.06,132.08,130.94,132.90,130.26,132.04,131.867,3655020,481949224.03,5552,
2023-02-27,130.58,130.64,129.52,131.16,128.62,130.76,130.256,4141010,539361524.32,8876,
2023-02-24,125.80,125.84,126.80,126.80,124.92,125.48,125.673,1991233,250246971.49,4191,
2023-02-23,125.86,125.92,126.40,127.68,125.70,125.72,126.38,2160708,273185883.34,4628,
2023-02-22,126.46,126.48,127.00,127.90,125.08,126.40,126.231,2248893,283868883.67,5105,
2023-02-21,127.50,127.54,130.20,130.20,126.86,127.34,127.893,1655760,211760628.64,4263,
2023-02-20,128.86,128.92,130.84,131.44,128.66,128.78,129.506,1926898,248970690.82,4442,
2023-02-17,130.54,130.56,129.06,131.56,127.74,130.50,130.284,3520354,458519719.72,6532,
2023-02-16,129.08,129.10,128.00,129.66,127.64,129.22,129.002,3273684,422272248.28,6408,
2023-02-15,127.12,127.18,127.24,128.56,126.40,127.24,127.34,3375956,429740482.6,5889,
2023-02-14,127.64,127.72,128.54,129.38,126.70,127.74,128.155,3663099,469464273.94,7927,
2023-02-13,128.50,128.56,127.28,128.98,123.78,128.12,126.939,5743047,728962607.93,14113,
2023-02-10,129.74,129.76,133.12,134.20,128.52,129.52,130.007,3192793,415040999.19,7415,
2023-02-09,134.02,134.08,137.00,137.66,132.62,134.22,134.384,3437164,461934003.73,7862,
2023-02-08,136.00,136.04,135.00,136.50,134.24,135.90,135.759,3173384,430827744.57,7868,
2023-02-07,133.44,133.50,135.00,135.68,132.74,133.94,134.659,3759747,506263785.35,4799,
2023-02-06,134.60,134.64,136.34,137.10,134.32,134.70,135.158,2742008,370545463.3,6265,
2023-02-03,137.18,137.24,136.60,138.18,135.04,137.50,136.922,3087977,422612936.42,7955,
2023-02-02,136.60,136.62,131.94,137.12,131.40,137.12,135.344,5068402,685754218.71,10684,
2023-02-01,130.12,130.16,128.12,130.34,127.30,130.34,129.364,2917932,377475927.96,6396,
2023-01-31,128.08,128.16,129.00,129.98,127.06,128.12,128.182,4554767,583838587.5,6143,
2023-01-30,129.94,130.00,128.66,130.00,125.92,129.00,128.512,5624001,722713011.57,11076,
2023-01-27,126.00,126.08,122.00,126.86,120.82,125.80,124.293,12130985,1508195260.67,20635,
2023-01-26,131.04,131.08,128.86,131.44,127.08,131.20,130.299,4437100,578073379.8,8697,
2023-01-25,127.22,127.28,128.14,128.50,126.72,127.66,127.529,1558043,198687429.57,4657,
2023-01-24,128.50,128.54,127.98,128.66,126.62,128.66,128.086,1929188,247095808.04,4847,
2023-01-23,127.26,127.30,126.28,127.30,125.30,126.90,126.526,2250509,282920025.85,4533,
2023-01-20,125.20,125.24,126.34,127.26,123.58,125.80,125.392,3735057,468234167.99,8131,
2023-01-19,125.48,125.52,127.60,128.48,125.34,125.34,126.013,2364389,297951538.82,5384,
2023-01-18,128.72,128.76,128.74,130.02,127.44,128.84,128.676,2061089,265190140.46,4505,
2023-01-17,127.80,127.84,130.70,130.94,126.90,128.18,128.405,2696624,346254872.99,5845,
2023-01-16,131.16,131.18,130.48,131.54,129.92,131.08,130.795,1925966,251896571.2,4426,
2023-01-13,130.02,130.06,131.54,131.80,128.44,129.86,129.984,2468088,320796318.31,4904,
2023-01-12,131.86,131.92,130.50,132.18,129.66,131.54,131.363,3275145,430235320.66,7702,
2023-01-11,130.60,130.64,128.00,131.18,128.00,130.24,130.05,3305641,429847469.67,7166,
2023-01-10,127.84,127.90,128.24,128.98,126.72,127.64,127.654,2221615,283601273.91,5133,
2023-01-09,128.86,128.92,128.74,130.04,126.96,129.04,128.878,4726261,609043733.21,10117,
2023-01-05,126.60,126.66,122.00,127.28,122.00,127.28,125.967,3657953,460653921.17,6980,
2023-01-04,120.44,120.50,117.08,121.22,116.70,121.22,120.063,4120322,494659244.32,5974,
2023-01-03,116.68,116.70,116.18,117.64,115.44,116.58,116.784,2775139,324099429.28,5833,
2023-01-02,115.68,115.74,113.58,116.18,112.78,116.18,115.401,2053024,236897700.08,4118,
2022-12-30,112.20,112.22,114.00,114.14,112.16,112.24,112.646,2274124,256179204.35,3332,
2022-12-29,113.90,113.92,112.64,114.32,111.74,114.32,113.53,1798592,204189908.76,3939,
2022-12-28,112.84,112.86,113.46,114.28,112.58,113.06,113.292,1551080,175721643.56,3464,
2022-12-27,113.52,113.56,113.34,114.30,113.02,113.46,113.655,1573476,178834729.79,3695,
2022-12-23,112.30,112.34,112.00,113.62,111.88,112.50,112.677,1500060,169021612.71,3306,
2022-12-22,111.88,111.92,113.00,114.22,111.58,112.08,112.589,1977778,222701831.72,4081,
2022-12-21,112.82,112.88,110.56,113.20,110.56,112.96,112.372,3492213,392422210.38,7056,
2022-12-20,109.00,109.04,110.22,110.94,108.88,109.28,109.727,3650206,400601710.32,7174,
2022-12-19,112.12,112.16,112.00,113.00,110.94,111.96,112.105,2559577,289030264.6,5220,
2022-12-16,110.84,110.90,111.38,112.68,109.72,111.44,111.405,14677052,1635081788.74,10919,
2022-12-15,111.70,111.74,117.94,118.12,111.24,111.24,112.91,7388075,834953213.63,13987,
2022-12-14,119.48,119.56,120.50,121.36,118.04,119.42,119.283,3645019,434765163.63,7314,
2022-12-13,120.20,120.24,116.28,120.94,115.42,120.66,119.544,6314361,754993140.85,9842,
2022-12-12,115.68,115.74,116.10,116.20,113.64,115.50,114.873,3193394,366806013.93,6013,
2022-12-09,117.56,117.60,117.36,117.82,116.10,117.60,117.304,2484972,291829449.7,5546,
2022-12-08,116.48,116.52,117.00,117.98,115.46,116.48,116.927,3355089,392298633.11,6538,
2022-12-07,116.86,116.90,114.36,117.58,113.90,116.70,116.188,4476308,520203267.96,8996,
2022-12-06,114.88,114.94,119.70,120.04,114.20,114.50,115.958,5634502,653391110.86,11115,
2022-12-05,120.34,120.38,120.48,121.24,119.80,120.38,120.365,2542579,306036753.98,6345,
2022-12-02,120.72,120.74,118.76,121.28,117.80,120.70,120.351,4196370,505025800.77,8506,
2022-12-01,117.34,117.38,118.10,120.00,116.60,117.60,118.105,3814023,450328803.53,8129,
2022-11-30,116.72,116.78,118.44,118.86,116.62,116.66,117.084,6066519,710297043.41,7081,
2022-11-29,117.40,117.46,117.50,119.76,117.16,117.62,117.996,2998553,354358707.12,6847,
2022-11-28,116.58,116.64,117.38,117.68,115.62,116.56,116.43,3346751,389641875.75,7734,
2022-11-25,119.16,119.20,118.80,119.30,117.50,119.30,118.575,2124277,251849478.28,4935,
2022-11-24,118.10,118.14,118.28,118.80,117.28,118.14,118.159,1617074,191064808.81,4270,
2022-11-23,118.64,118.70,117.50,119.32,116.70,118.28,118.132,4090739,483060565.49,5921,
2022-11-22,117.02,117.06,116.00,117.78,114.44,116.80,116.358,3755669,437315917.92,7049,
2022-11-21,117.16,117.20,117.70,117.70,115.04,117.00,116.603,2289208,266928214.7,5893,
2022-11-18,117.82,117.84,115.62,118.60,115.62,117.70,117.309,3436435,403105122.05,7494,
2022-11-17,115.06,115.10,118.34,119.16,114.88,115.38,116.151,3673247,426699720.62,8373,
2022-11-16,117.80,118.24,124.00,124.50,117.72,118.04,120.196,3526426,424135504.9,9717,
2022-11-15,124.82,124.88,124.68,125.30,122.04,124.86,124.106,3933827,488108395.2,9896,
2022-11-14,124.62,124.64,124.98,125.58,123.06,124.32,124.309,3463709,430649024.15,8711,
2022-11-11,123.92,123.98,121.00,123.96,120.60,123.82,123.003,5375317,661318899.12,14196,
2022-11-10,120.10,120.14,114.24,120.52,112.52,120.52,118.009,6026167,710913188.14,10945,
2022-11-09,117.96,117.98,117.68,118.26,116.62,118.26,117.608,3073041,361370202.78,7200,
2022-11-08,118.38,118.42,116.28,118.60,116.08,118.42,118.035,3322078,392116070.51,5520,
2022-11-07,116.48,116.50,115.50,117.02,114.92,116.28,116.187,2704264,314200892.3,6182,
2022-11-04,115.58,115.66,111.60,116.02,111.60,116.02,114.72,2455276,281640025.7,3431,
2022-11-03,110.96,111.00,113.20,113.60,110.06,110.80,111.185,3748876,416812809.87,8093,
2022-11-02,113.68,113.72,114.00,115.00,113.36,114.02,114.10,2631234,300225900.84,4902,
2022-11-01,113.74,113.78,112.10,115.54,111.90,113.92,114.016,3881039,442496612.34,7776,
2022-10-31,111.00,111.02,111.82,112.42,110.76,111.20,111.386,3718326,414190106.28,5902,
2022-10-28,110.82,110.84,112.02,113.80,110.42,110.72,111.502,4973764,554651284.39,9127,
2022-10-27,114.72,114.78,116.00,116.28,114.18,114.96,115.046,2889034,332370160.94,7138,
2022-10-26,116.32,116.38,116.84,117.06,115.40,116.36,116.309,2664829,309937123.93,5750,
2022-10-25,116.74,116.84,114.20,117.02,112.62,116.68,115.466,4575506,528197592.53,8901,
2022-10-24,113.58,113.60,111.98,113.66,111.30,113.34,112.758,3148662,355464951.45,5898,
2022-10-21,110.84,110.86,113.02,113.02,110.50,110.90,111.317,3887068,432727833.43,7785,
2022-10-20,114.30,114.32,114.04,115.52,111.64,114.24,113.604,4023312,456716390.14,7911,
2022-10-19,114.66,114.70,117.42,117.82,113.80,113.80,115.409,4831320,557770835.71,6959,
2022-10-18,116.58,116.64,116.40,117.86,115.92,117.42,116.974,3651200,427095342.75,7444,
2022-10-17,115.14,115.20,112.24,115.40,111.30,115.00,114.099,4579628,522485942.18,9059,
2022-10-14,111.98,112.00,113.78,114.24,110.72,112.34,112.437,3662603,411804903.77,7640,
2022-10-13,111.78,111.86,109.00,112.64,106.66,112.64,110.644,5172362,572313673.92,9716,
2022-10-12,108.90,108.96,108.00,110.12,107.82,109.94,109.505,3877346,424585078.23,7658,
2022-10-11,108.38,108.48,106.38,109.28,105.88,107.84,107.86,4259467,459480621.29,8808,
2022-10-10,106.90,106.98,102.86,107.62,102.18,107.22,106.373,4977062,529583874.39,8823,
2022-10-07,104.58,104.66,105.14,106.68,104.04,104.34,105.135,4287955,451403045.56,6689,
2022-10-06,106.02,106.08,109.52,110.22,105.12,105.46,106.481,4405841,469144536.18,8719,
2022-10-05,106.88,106.92,112.92,113.04,106.88,107.00,108.447,5023229,544738422.71,9816,
2022-10-04,113.48,113.56,108.70,113.74,108.22,113.54,111.682,9218548,1029052513.14,15205,
2022-10-03,107.64,107.68,102.20,108.00,102.00,107.44,105.864,7206148,763039763.59,12459,
2022-09-30,104.08,104.14,99.90,104.18,99.33,103.46,102.408,6602948,676167413.19,11950,
2022-09-29,100.10,100.14,100.30,103.66,98.20,99.67,100.684,14628068,1475773801.87,28102,
2022-09-28,105.80,105.88,105.42,105.92,101.90,105.86,104.159,6032535,628247204.89,13841,
2022-09-27,105.90,106.00,105.00,107.22,104.38,106.34,105.984,4833742,512269597.17,9519,
2022-09-26,104.70,104.76,104.20,106.30,103.00,104.34,104.918,3704177,388624156.61,8506,
2022-09-23,104.40,104.42,107.28,107.78,104.12,104.12,105.171,4046345,425527020.82,11106,
2022-09-22,106.72,106.76,106.46,108.08,106.10,107.04,107.061,2997849,320950142.89,6553,
2022-09-21,107.96,108.02,106.76,108.14,106.14,107.86,107.327,3674404,394360585.48,8522,
2022-09-20,107.12,107.14,109.68,111.16,106.78,106.78,107.947,3954161,426805408.53,7446,
2022-09-19,110.38,110.46,108.36,111.06,107.38,109.92,109.558,3442386,379651274.71,7289,
2022-09-16,108.08,108.14,106.76,109.20,106.20,108.62,108.066,5977260,645936209.06,12729,
2022-09-15,108.12,108.18,111.46,114.96,106.26,107.94,110.01,7657693,842713319.54,16378,
2022-09-14,113.36,113.40,113.00,114.88,111.10,113.30,113.072,4180012,472651323.33,8776,
2022-09-13,113.32,113.34,116.36,117.24,112.74,112.74,114.22,4425596,505540503.83,9355,
2022-09-12,117.28,117.34,110.18,117.66,110.18,117.32,115.747,5571721,644988764.9,10695,
2022-09-09,112.42,112.48,109.54,112.78,109.30,112.12,111.81,3215657,359524301.56,6059,
2022-09-08,109.20,109.24,110.50,111.46,106.30,109.26,108.833,6866117,747354179.36,13515,
2022-09-07,111.34,111.36,111.00,112.18,109.02,110.88,110.732,5102647,565011194.71,9176,
2022-09-06,113.56,113.62,110.46,115.86,110.46,113.52,113.97,4692047,534919946.52,10448,
2022-09-05,111.82,111.86,111.50,112.00,109.76,112.00,111.149,2567117,285300514.01,6816,
2022-09-02,113.10,113.16,112.00,113.20,110.08,112.86,112.15,4084414,457994637.4,9362,
2022-09-01,110.36,110.42,110.24,111.26,108.54,110.14,109.779,4137228,454190196.44,8919,
2022-08-31,111.38,111.40,112.66,112.72,111.04,111.06,111.495,3928611,438028261.45,7587,
2022-08-30,111.64,111.70,110.64,113.96,110.64,111.42,112.333,4448856,499911981.86,9438,
2022-08-29,112.50,112.52,108.00,113.64,107.74,112.76,110.79,6844488,758412534.56,14358,
2022-08-26,111.06,111.12,116.00,116.58,111.02,111.18,113.402,6503206,737593018.96,18534,
2022-08-25,116.48,116.54,122.60,123.70,113.22,116.38,118.164,8824184,1042836144.09,22555,
2022-08-24,123.20,123.22,123.86,124.02,122.20,122.60,122.887,3463316,425785060.44,6187,
2022-08-23,123.92,123.96,122.84,124.88,122.50,124.28,124.07,2996344,371764280.58,5939,
2022-08-22,123.54,123.62,127.26,127.76,123.00,123.22,124.322,4215227,524185958.08,9637,
2022-08-19,127.32,127.40,129.00,129.74,127.34,127.48,128.137,3826492,490318264.62,8944,
2022-08-18,129.98,130.00,131.50,132.64,129.28,130.10,130.429,2963085,386513200.59,6431,
2022-08-17,131.60,131.64,133.94,136.20,131.30,131.44,133.209,4512431,600406950.57,8505,
2022-08-16,133.70,133.74,133.70,133.86,129.92,133.68,132.603,3679811,487951974.51,8620,
2022-08-15,132.36,132.38,133.32,133.48,132.32,132.44,132.732,1938348,257283577.07,4267,
2022-08-12,133.40,133.44,133.00,134.74,133.00,133.20,133.695,2109973,282093615.06,4666,
2022-08-11,132.80,132.86,133.78,133.90,131.92,133.00,132.954,1901520,252810840.96,4838,
2022-08-10,133.28,133.32,129.40,133.60,129.26,133.44,131.924,2751786,363096945.58,6532,
2022-08-09,129.96,130.00,133.72,133.88,129.90,129.92,131.403,2055340,270115577.41,5340,
2022-08-08,133.70,133.78,130.02,133.88,129.76,133.82,132.576,2458033,325873331.67,5277,
2022-08-05,129.48,129.52,132.30,132.64,129.18,129.18,130.231,2024995,263707843.14,5192,
2022-08-04,131.78,131.84,129.12,132.22,129.00,132.08,131.51,3820121,502388393.59,8013,
2022-08-03,128.88,128.90,125.50,128.94,125.06,128.74,127.389,2521710,321188695.8,5125,
2022-08-02,125.64,125.68,127.00,127.38,125.40,125.50,125.958,2636454,332104154.17,6453,
2022-08-01,127.34,127.42,129.58,130.00,126.84,127.46,128.156,2718195,348358989.95,7612,
2022-07-29,129.42,129.48,128.50,130.30,127.46,129.32,129.224,3506382,453114792.33,6863,
2022-07-28,127.32,127.36,128.38,128.50,125.88,127.56,127.151,3152320,400797624.86,6993,
2022-07-27,127.50,127.54,127.60,128.42,127.10,127.34,127.628,2390635,305113085.98,6000,
2022-07-26,127.14,127.22,133.50,133.54,126.96,126.96,129.162,6021860,777960394.59,12485,
2022-07-25,134.94,135.00,134.32,136.02,133.18,134.90,134.882,2543458,343074220.19,6710,
2022-07-22,134.48,134.52,134.68,135.18,133.50,134.46,134.392,2187902,294036568.55,5368,
2022-07-21,133.92,133.94,133.92,135.50,132.44,134.34,134.079,2933366,393295878.49,7224,
2022-07-20,134.08,134.14,134.16,135.30,133.06,133.64,133.895,2952588,395340245.47,7548,
2022-07-19,133.36,133.42,129.74,134.04,129.40,133.88,132.676,3184583,422363248.86,6176,
2022-07-18,130.88,130.92,130.26,131.22,128.74,131.22,130.186,3689476,480511170.79,7172,
2022-07-15,130.40,130.46,128.62,130.56,126.72,130.34,129.325,3332276,430909090.63,7139,
2022-07-14,128.34,128.38,131.48,132.20,127.68,128.70,129.215,4024952,519713058.67,6357,
2022-07-13,131.50,131.54,133.58,133.88,130.20,131.48,131.825,2760068,363824345.08,6676,
2022-07-12,133.36,133.44,129.74,133.98,128.90,133.98,132.37,3566607,472069347.04,6779,
2022-07-11,130.46,130.52,130.70,131.96,129.28,130.52,130.641,1947308,254388282.81,5779,
2022-07-08,131.28,131.34,130.40,132.20,129.88,131.40,131.054,3038058,398148051.63,7377,
2022-07-07,129.38,129.46,128.64,130.30,128.18,130.00,129.438,3623539,469004967.08,7894,
2022-07-06,127.90,127.96,126.16,128.62,125.82,128.00,127.652,4966433,633971703.81,9756,
2022-07-05,124.24,124.30,127.24,127.70,122.14,124.36,124.341,3622720,450457285.13,9467,
2022-07-04,126.16,126.20,125.16,126.62,123.44,126.46,125.511,3211974,403164380.14,8000,
2022-07-01,124.16,124.26,121.38,125.86,121.12,124.16,124.453,5685549,707599052.23,11700,
2022-06-30,121.92,121.98,122.20,126.08,119.76,122.16,122.694,9299316,1141975042.98,20119,
2022-06-29,124.26,124.32,126.00,129.96,120.00,124.42,125.961,14470183,1819923190.52,37717,
2022-06-28,121.72,121.80,122.88,123.40,120.54,121.74,122.057,4910739,599432918.15,10747,
2022-06-27,123.66,123.70,123.84,126.08,123.02,123.58,124.226,3900084,484510618.78,8481,
2022-06-23,121.40,121.46,122.10,123.00,120.20,121.48,121.596,2620822,318969300.36,6664,
2022-06-22,122.56,122.68,122.00,122.80,120.10,122.56,121.50,3305836,401574110.45,6802,
2022-06-21,123.66,123.72,125.10,126.14,123.20,123.54,124.347,3536518,439775006.64,8207,
2022-06-20,123.66,123.70,124.90,126.94,123.10,124.00,124.538,2657427,330937458.27,6837,
2022-06-17,124.14,124.22,122.56,124.62,119.74,124.60,123.274,8977508,1106591348.19,13862,
2022-06-16,121.12,121.16,124.58,125.00,119.72,121.28,121.582,6719030,816890041.41,15311,
2022-06-15,125.32,125.38,137.96,137.98,124.58,124.58,127.122,11128072,1415269639.93,25098,
2022-06-14,133.18,133.26,133.50,134.40,130.92,133.24,133.057,3100924,412571076.93,8450,
2022-06-13,132.90,132.96,135.00,135.54,132.56,132.84,133.955,3987032,534142726.52,9505,
2022-06-10,136.10,136.14,139.10,139.70,135.90,135.90,137.084,2801793,384150948.39,7138,
2022-06-09,139.92,140.00,140.00,141.98,138.78,139.78,140.144,4527825,634550409.58,8787,
2022-06-08,141.40,141.44,140.28,142.70,138.68,141.60,140.623,4043941,568682956.51,8634,
2022-06-07,137.38,137.44,135.22,138.30,133.62,137.64,136.297,4628826,630839989.05,9784,
2022-06-03,135.28,135.32,138.00,138.36,135.20,135.80,136.636,2004183,273823299.77,5125,
2022-06-02,136.44,136.50,135.98,136.54,134.02,136.14,135.494,1983645,268758106.97,5316,
2022-06-01,134.76,134.82,135.46,136.50,134.38,135.18,135.324,3136813,424458530.73,7558,
2022-05-31,133.74,133.82,134.00,136.38,133.36,134.62,134.671,9333429,1256908581.71,10234,
2022-05-30,134.76,134.82,132.84,135.02,132.70,134.42,134.401,3415246,459054890.05,9289,
2022-05-27,131.86,131.92,125.50,133.06,125.04,132.50,130.607,9363117,1222891915.24,19635,
2022-05-25,122.68,122.74,122.62,124.10,121.92,121.92,122.835,2592805,318505731.51,5231,
2022-05-24,122.18,122.22,126.26,127.52,120.72,121.72,123.17,6645630,818519865.19,15152,
2022-05-23,127.40,127.42,127.10,128.20,125.24,127.32,126.851,3162843,402780220.85,8073,
2022-05-20,125.04,125.06,127.20,129.70,125.02,125.50,127.055,4598379,584306444.1,10509,
2022-05-19,126.98,127.02,127.68,128.32,125.20,126.48,126.735,6944433,880126709.82,13931,
2022-05-18,130.70,130.78,133.00,134.74,130.38,130.42,131.991,4737667,625810629.9,10796,
2022-05-17,132.66,132.74,131.80,134.42,131.32,133.00,133.072,5147767,685045768.46,13240,
2022-05-16,130.72,130.74,129.18,131.30,128.34,130.52,130.213,4496225,585483620.59,10628,
2022-05-13,129.18,129.22,125.94,129.32,124.96,129.30,128.087,4974264,637075177.02,13193,
2022-05-12,124.46,124.54,119.50,124.98,118.00,124.98,122.577,6724042,824023818.13,15008,
2022-05-11,121.40,121.46,121.98,124.40,120.68,121.12,122.285,7799083,953639587.87,14533,
2022-05-10,120.76,120.82,120.40,122.08,119.02,120.74,120.86,4625111,558984728.44,10990,
2022-05-09,118.54,118.58,121.60,121.60,118.48,118.68,119.477,3703956,442574112.64,9835,
2022-05-06,121.18,121.24,118.72,121.98,117.56,121.98,120.425,7476837,900276244.9,18258,
2022-05-05,118.84,118.88,121.12,123.50,118.80,118.90,120.899,6384675,771926005.99,16882,
2022-05-04,123.70,123.74,127.06,128.00,123.12,123.32,124.093,6719620,833732620.74,16790,
2022-05-03,127.18,127.24,128.20,128.60,126.18,127.04,127.296,3931994,500524192.89,10707,
2022-05-02,126.72,126.80,124.18,127.20,110.10,127.10,124.546,6447470,802951442.24,13047,
2022-04-29,124.84,124.90,126.40,126.80,124.08,125.18,125.226,3831063,479755111.38,9197,
2022-04-28,125.24,125.30,125.98,126.58,123.86,124.96,125.104,4297335,537444998.09,11043,
2022-04-27,124.62,124.66,125.02,125.84,122.70,124.88,124.58,4040531,503382164.74,11509,
2022-04-26,125.10,125.14,127.64,128.04,125.02,125.02,126.188,3848570,485730048.64,9431,
2022-04-25,125.50,125.58,126.00,126.18,123.60,125.62,125.247,4937014,618344377.03,12714,
2022-04-22,127.20,127.28,128.74,129.68,127.10,127.20,127.984,5234000,669879737.89,12765,
2022-04-21,130.70,130.78,131.00,132.74,130.08,130.46,131.084,3886849,509513231.43,7871,
2022-04-20,129.86,129.92,131.50,133.30,129.52,130.00,130.965,3357721,439677106.73,9097,
2022-04-19,131.14,131.16,129.40,131.64,128.06,131.16,130.455,4143408,540529506.79,9448,
2022-04-14,128.64,128.72,129.90,129.90,127.58,129.00,128.532,2503924,323113978.16,6648,
2022-04-13,129.54,129.58,131.36,131.38,128.16,129.76,129.478,4175495,540605383.22,10676,
2022-04-12,130.96,131.00,130.50,131.46,128.68,131.36,130.174,4010699,522042755.56,10522,
2022-04-11,131.28,131.36,132.00,132.68,130.52,132.00,131.806,3966855,522849438.85,9870,
2022-04-08,132.02,132.08,131.34,132.18,129.42,132.00,131.281,4143810,543926504.36,10494,
2022-04-07,130.02,130.08,131.72,132.54,129.68,130.12,130.864,4701183,615307383.65,11629,
2022-04-06,131.04,131.10,131.28,131.60,128.24,131.26,130.338,5795086,755045411.11,13457,
2022-04-05,131.08,131.12,131.96,133.80,129.92,131.28,131.755,5672105,747351848.71,14388,
2022-04-04,132.16,132.18,130.58,132.54,129.40,131.96,131.374,5877818,772194035.33,16144,
2022-04-01,130.82,130.90,126.74,131.22,124.90,130.58,128.967,10090762,1300526291.27,26876,
2022-03-31,126.76,126.82,134.00,134.92,126.18,126.18,130.104,24270799,3158118206.3,60506,
2022-03-30,145.20,145.26,148.16,148.76,143.62,144.88,145.339,5851081,850622870.16,12369,
2022-03-29,148.18,148.22,140.94,149.80,140.94,148.10,146.759,6688753,981653116.37,14234,
2022-03-28,140.96,141.00,141.20,143.98,140.58,140.72,142.142,3360811,477726059.73,9679,
2022-03-25,140.82,140.90,137.90,141.34,137.42,140.88,139.748,3912176,546685052.83,10480,
2022-03-24,137.14,137.20,138.42,138.88,135.52,137.76,137.267,4351652,597386268.98,10524,
2022-03-23,138.50,138.58,140.00,141.22,136.98,138.42,138.592,3684136,510533336.29,10340,
2022-03-22,140.34,140.42,141.00,141.88,139.66,139.74,140.537,3241394,455588392.26,8378,
2022-03-21,139.56,139.60,140.04,142.20,138.38,139.34,139.982,3706954,524404023.97,10429,
2022-03-18,141.68,141.74,140.00,143.04,139.72,141.92,141.487,6259463,885611785.29,15272,
2022-03-17,138.66,138.70,143.18,144.48,137.78,139.04,140.443,7533518,1057924844.05,22240,
2022-03-16,143.54,143.60,144.18,145.76,140.80,143.32,143.41,9510504,1363940731.16,22178,
2022-03-15,142.02,142.12,144.00,146.32,140.34,142.12,143.19,7825047,1120514313.84,18192,
2022-03-14,147.00,147.10,146.78,150.34,144.72,146.74,147.192,6308659,928513700.72,15893,
2022-03-11,145.82,145.90,143.00,149.90,143.00,145.00,146.253,6283043,919005165.19,15945,
2022-03-10,142.34,142.42,146.92,147.38,138.76,143.00,142.817,6789136,969126559.41,18191,
2022-03-09,146.90,147.02,144.88,150.20,143.14,147.06,146.466,7206707,1055357012.38,18396,
2022-03-08,140.10,140.16,131.76,140.54,131.34,140.54,138.191,7404917,1023270071.12,18786,
2022-03-07,134.62,134.64,132.00,140.34,125.88,134.90,132.638,14887947,1973243768.24,40766,
2022-03-04,139.78,139.84,139.44,141.42,133.78,139.74,137.925,8750875,1206606753.45,26017,
2022-03-03,142.74,142.80,149.00,150.50,141.64,142.64,145.423,6315709,918674528.52,18550,
2022-03-02,151.74,151.78,151.06,152.10,147.30,151.26,150.195,4759544,714814991.91,14392,
2022-03-01,152.54,152.58,158.62,162.22,152.24,152.64,155.535,5492109,854292607.41,15781,
2022-02-28,160.12,160.20,162.20,162.72,154.02,160.46,157.79,7750027,1222680233.48,23519,
2022-02-25,165.86,165.90,165.00,166.44,161.28,165.98,164.779,3699320,609526206.4,10876,
2022-02-24,162.08,162.14,159.92,162.60,157.20,161.82,160.285,7263659,1164203967.77,19826,
2022-02-23,167.60,167.66,170.06,172.38,167.10,167.20,169.223,2961327,501455169.54,7621,
2022-02-22,169.76,169.84,168.58,171.70,168.14,169.68,170.313,3120890,531752409.08,9075,
2022-02-21,171.94,171.98,175.00,177.24,171.04,171.86,173.099,2922820,506831967.31,8594,
2022-02-18,174.30,174.36,175.38,177.88,173.52,173.90,174.949,3285266,574668358.42,7800,
2022-02-17,176.22,176.24,179.00,179.32,175.86,176.58,176.942,3009867,532592958.81,7621,
2022-02-16,179.42,179.46,181.54,182.84,178.72,179.30,180.178,2681801,483215452.59,7963,
2022-02-15,180.70,180.78,177.44,181.00,177.04,180.50,179.729,3019738,542706203.68,8585,
2022-02-14,177.56,177.64,179.70,180.06,175.02,177.96,177.114,5158463,913544320.32,15468,
2022-02-11,183.84,183.90,180.88,184.18,180.88,183.82,183.067,2683444,491229323.65,9014,
2022-02-10,182.50,182.56,179.82,183.64,179.00,182.98,182.228,4628083,843318852.93,12943,
2022-02-09,177.92,177.96,175.50,179.34,175.38,177.88,177.879,3843427,683662749.58,11724,
2022-02-08,174.46,174.52,172.26,175.10,171.40,174.50,173.729,3668360,637295493.3,11392,
2022-02-07,172.26,172.34,173.86,175.84,172.00,172.02,172.99,4683923,810264038.68,13918,
2022-02-04,170.74,170.82,176.00,176.70,170.58,170.74,172.002,4267519,734021821.64,12175,
2022-02-03,174.94,175.00,177.06,178.30,174.50,175.14,176.098,3195314,562725661.51,9698,
2022-02-02,177.06,177.14,181.00,182.60,176.90,177.08,178.896,4499356,805147434.13,13258,
2022-02-01,181.04,181.12,184.74,185.62,180.78,180.82,182.47,4152375,757964069.34,11649,
2022-01-31,183.16,183.26,190.00,190.64,182.54,183.34,184.614,5607189,1035089763.67,15486,
2022-01-28,187.58,187.64,191.60,191.86,181.00,187.68,187.278,11222184,2101446212.83,32809,
2022-01-27,178.06,178.12,173.06,179.36,173.06,178.66,176.693,5049580,892036712.85,13761,
2022-01-26,176.60,176.64,174.00,177.32,173.26,176.64,176.42,4179754,737391190.12,11609,
2022-01-25,172.60,172.66,169.02,173.10,169.00,172.58,171.895,5393944,927052127.38,14740,
2022-01-24,168.00,168.06,172.00,172.60,165.78,167.92,168.356,4569931,769301067.85,12444,
2022-01-21,173.02,173.04,173.50,174.34,170.46,172.64,172.512,3424683,590797354.49,10145,
2022-01-20,175.22,175.30,176.28,177.28,174.18,175.12,175.336,3068042,537891034.49,8925,
2022-01-19,174.66,174.70,173.06,176.02,173.06,174.76,175.028,1900800,332735805.2,7005,
2022-01-18,173.72,173.78,174.44,174.92,172.08,173.68,173.56,2756851,478421559.97,8791,
2022-01-17,175.02,175.10,176.24,177.50,173.86,174.72,175.292,2496671,437639369.12,7414,
2022-01-14,175.88,175.96,178.70,181.60,175.66,175.98,177.786,2965695,527271621.94,8990,
2022-01-13,179.86,179.92,177.00,180.04,176.00,180.04,179.174,2947495,528082042.52,8188,
2022-01-12,177.08,177.10,177.58,179.28,175.76,177.46,177.583,2812889,499527535.51,8579,
2022-01-11,175.34,175.38,176.36,178.18,174.90,176.10,176.071,3496058,615554728.23,8682,
2022-01-10,176.26,176.32,175.76,178.78,175.36,176.96,177.113,2582712,457419618.83,9252,
2022-01-07,175.36,175.42,174.04,177.88,174.04,175.76,176.306,2711122,478050938.63,8236,
2022-01-05,178.18,178.26,177.56,178.26,176.02,178.02,177.52,1468474,260669343.94,4181,
2022-01-04,177.90,177.96,180.00,180.92,176.44,177.56,178.141,3706640,660434497.02,11009,
2022-01-03,178.80,178.84,178.34,181.10,177.90,179.32,179.357,2854084,511883611.81,7910,
2021-12-30,177.68,177.72,177.86,178.94,176.66,178.08,177.669,1680442,298550131.42,4969,
2021-12-29,177.92,177.98,178.00,179.30,176.96,177.86,178.024,1629411,290067343.52,5893,
2021-12-28,177.84,177.90,178.96,179.36,177.24,178.00,177.958,1986559,353522390.24,6399,
2021-12-27,178.94,179.00,177.10,179.28,176.80,178.96,178.463,1814633,323833617.39,6471,
2021-12-23,178.18,178.22,174.66,178.36,174.66,178.12,177.567,3792098,673345977.55,10563,
2021-12-22,173.56,173.60,172.46,173.86,170.94,173.68,172.969,3249194,561947769.43,8775,
2021-12-21,171.68,171.72,167.80,172.46,167.72,172.46,171.053,4629349,791863171.59,11034,
2021-12-20,165.94,166.00,164.94,167.98,163.48,166.24,165.824,3272069,542606969.33,8092,
2021-12-17,168.56,168.60,164.00,169.58,163.90,168.20,167.894,6509804,1092937534.16,13488,
2021-12-16,164.26,164.28,166.90,166.90,163.38,164.48,165.164,4235476,699561944.57,10786,
2021-12-15,163.60,163.64,167.62,168.70,162.40,163.30,163.845,6305438,1033345709.49,15705,
2021-12-14,167.92,167.96,164.50,168.54,164.40,168.00,167.522,4459127,746924588.89,10257,
2021-12-13,164.52,164.58,166.34,168.42,163.60,164.50,165.207,3784268,625263861.99,8588,
2021-12-10,165.70,165.78,164.68,167.72,164.12,165.50,166.388,2895879,481864774.23,7306,
2021-12-09,165.64,165.66,167.26,167.94,164.84,165.88,165.843,3324792,551664559.34,8140,
2021-12-08,167.20,167.24,170.50,171.10,167.08,167.08,168.157,4444558,747388828.62,10762,
2021-12-07,170.86,170.92,168.00,170.98,167.44,170.96,169.966,4652353,790727901.35,10711,
2021-12-06,167.22,167.28,162.30,167.40,161.80,167.12,165.672,4772167,790659383.64,10848,
2021-12-03,160.22,160.26,166.86,167.06,159.60,160.22,161.923,4980488,807082929.94,10105,
2021-12-02,164.98,165.04,164.64,167.56,163.78,165.06,165.186,4117884,680199801.7,10301,
2021-12-01,167.34,167.40,162.70,167.60,162.10,167.24,165.711,5121264,849156076.97,11764,
2021-11-30,160.06,160.12,160.86,161.90,159.08,160.00,160.32,7346658,1177809265.78,14271,
2021-11-29,162.92,163.00,160.50,164.84,160.08,162.62,162.739,4233535,688966146.45,11154,
2021-11-26,159.74,159.80,162.00,163.30,157.90,159.36,160.407,8169180,1310430625.42,22923,
2021-11-25,168.16,168.20,168.76,169.10,164.92,168.24,167.136,3194669,533860405.78,8926,
2021-11-24,168.78,168.84,169.00,170.80,166.66,168.26,168.412,4992625,840805470.92,13252,
2021-11-23,171.14,171.20,161.00,172.96,160.82,171.20,168.853,9015052,1522986308.16,21749,
2021-11-22,162.46,162.54,161.54,163.38,160.56,162.46,162.004,4952674,802671490.29,13020,
2021-11-19,161.50,161.52,167.00,168.04,159.32,161.42,162.289,10482244,1700892016.96,27758,
2021-11-18,165.86,165.90,167.50,168.16,165.46,165.94,166.538,4093988,681840044.8,11387,
2021-11-17,168.32,168.38,172.40,173.70,168.00,168.00,170.437,4867528,830074339.91,13406,
2021-11-16,172.46,172.50,171.00,173.42,170.50,172.40,172.105,3698847,636595371.67,9220,
2021-11-15,170.92,170.96,166.28,171.00,166.28,171.00,169.986,3388840,576066633.32,8843,
2021-11-12,166.84,166.88,166.16,168.12,165.16,167.02,166.961,2489267,415599479.32,7678,
2021-11-11,167.18,167.22,167.98,169.10,166.10,166.52,167.094,3095614,517224064.56,8589,
2021-11-10,168.80,168.86,165.90,168.96,165.12,168.82,167.613,3371436,565083103.43,9744,
2021-11-09,166.10,166.12,163.50,167.64,163.10,165.74,165.582,4450522,736992952.23,11916,
2021-11-08,163.48,163.54,166.20,167.88,163.26,163.26,164.262,8373110,1375413113.91,24123,
2021-11-05,172.16,172.24,168.28,172.72,167.50,172.20,170.132,2841851,483245673.94,6920,
2021-11-04,168.36,168.40,166.00,169.08,165.92,168.52,168.097,3670647,617014333.97,10886,
2021-11-03,164.94,164.98,164.48,165.10,161.44,165.08,163.895,2724297,446395308.81,7930,
2021-11-02,164.06,164.08,164.64,165.32,163.74,164.48,164.452,2306653,379330757.73,6914,
2021-11-01,164.66,164.74,161.70,165.10,161.66,165.10,164.225,2753349,452241309.53,11218,
2021-10-29,161.50,161.56,160.80,162.32,160.50,161.02,161.256,4558685,735149379.37,14570,
2021-10-28,166.94,166.98,169.08,170.08,166.92,167.34,167.773,3623397,607895739.9,11772,
2021-10-27,169.00,169.08,170.40,170.64,167.88,168.88,168.845,2595516,438240844.64,9471,
2021-10-26,170.04,170.10,166.68,171.64,166.54,170.40,169.945,4394643,746810292.47,14074,
2021-10-25,166.06,166.10,168.00,169.28,166.00,166.00,167.216,4128841,690464222.66,12797,
2021-10-22,166.86,166.94,169.18,169.30,166.82,167.00,167.442,3220538,539266674.61,9570,
2021-10-21,168.80,168.86,167.42,169.64,166.60,168.84,168.359,2818229,474486795.64,9662,
2021-10-20,168.04,168.10,169.20,169.22,166.18,168.08,167.832,6082481,1020845854.02,18773,
2021-10-19,171.58,171.62,169.02,173.36,168.76,171.52,171.922,4615260,793503512.58,18075,
2021-10-18,169.40,169.44,167.50,170.86,166.62,169.02,168.528,3790808,639981263.5,15408,
2021-10-15,168.24,168.30,165.00,169.34,164.40,168.54,167.707,4998763,838379407.33,16180,
2021-10-14,164.62,164.70,167.30,167.48,163.28,164.44,164.574,5717220,940925064.34,19351,
2021-10-13,167.12,167.14,164.80,167.62,164.00,167.14,166.124,2883144,478932676.11,9114,
2021-10-12,165.02,165.06,162.24,165.96,161.18,165.06,164.51,3490993,574313678.73,14852,
2021-10-11,163.88,163.90,166.88,167.00,162.16,163.86,163.802,5058911,828606485.82,17742,
2021-10-08,167.24,167.38,169.00,169.62,167.04,167.38,168.254,3093825,520571071.37,12048,
2021-10-07,169.06,169.10,168.78,169.54,167.22,169.00,168.546,3851573,649174969.55,12319,
2021-10-06,166.76,166.80,172.26,172.84,165.34,166.00,167.629,8915922,1494736067.03,28398,
2021-10-05,174.62,174.64,179.10,179.30,174.22,174.46,175.439,4175869,732614056.01,16082,
2021-10-04,178.40,178.50,180.66,182.22,178.44,178.60,180.04,3058495,550711258.11,12888,
2021-10-01,180.44,180.54,176.46,181.50,175.20,180.66,179.919,6200012,1115619746.55,21048,
2021-09-30,178.54,178.58,190.20,190.90,178.20,178.36,183.046,13536120,2480700806.63,40313,
2021-09-29,184.68,184.72,184.00,185.20,182.06,184.70,183.895,3925162,721793012.19,16047,
2021-09-28,182.28,182.36,182.60,187.46,182.22,182.28,183.925,6237677,1147934016.85,17434,
2021-09-27,182.12,182.18,179.50,183.14,179.40,181.98,181.797,3158573,574194720.52,13919,
2021-09-24,177.84,177.86,178.52,178.84,177.50,177.60,177.834,1903083,338432545.47,7582,
2021-09-23,179.52,179.60,180.74,181.70,178.78,179.32,180.046,3503237,630778957.63,12372,
2021-09-22,179.72,179.78,175.76,179.88,175.06,179.70,178.559,3302724,589709157.08,10743,
2021-09-21,174.40,174.46,174.42,176.50,173.92,174.06,174.752,3096696,541289181.2,10570,
2021-09-20,174.44,174.48,171.52,174.74,169.56,174.36,172.695,5172783,894557815.59,11977,
2021-09-17,173.82,173.88,174.00,175.66,173.46,173.68,174.168,6418943,1115459769.05,13813,
2021-09-16,172.44,172.48,169.56,172.84,168.36,172.48,171.475,4480382,768292546.76,16191,
2021-09-15,169.78,169.84,170.28,172.00,168.00,169.56,169.559,8895886,1508398886.28,28865,
2021-09-14,175.42,175.48,174.30,176.26,172.70,174.92,174.968,3955378,692052695.69,15636,
2021-09-13,173.44,173.52,172.18,174.04,170.22,173.48,172.608,3113383,537359174.81,12429,
2021-09-10,172.16,172.18,173.34,174.28,172.12,172.18,172.779,2291534,395932614.79,7800,
2021-09-09,172.98,173.00,172.70,173.72,171.92,173.10,172.87,2628814,454432722.38,9939,
2021-09-08,174.08,174.14,175.00,175.88,173.66,174.02,174.588,2376463,414905237.01,8963,
2021-09-07,175.62,175.66,176.90,176.90,175.16,175.32,175.801,1806172,317537225.55,8404,
2021-09-06,176.54,176.58,176.66,177.86,176.20,176.76,176.902,1875282,331691508.24,7377,
2021-09-03,176.28,176.34,178.56,179.34,175.66,175.66,177.033,3479485,615995951.63,10715,
2021-09-02,178.46,178.52,179.56,180.60,176.90,178.60,178.441,3317943,591998917.28,10893,
2021-09-01,180.30,180.34,174.98,180.62,174.60,180.32,179.386,5410947,970646789.63,17938,
2021-08-31,173.00,173.04,172.90,173.42,171.24,172.96,172.682,3642313,628952260.54,11631,
2021-08-30,173.10,173.16,173.48,173.86,172.62,173.00,173.071,1421325,245985297.45,6271,
2021-08-27,173.32,173.34,172.96,174.10,172.04,173.14,173.182,2176864,376987360.13,10708,
2021-08-26,172.32,172.38,175.24,175.24,172.16,172.16,172.815,2716007,469372337.53,11070,
2021-08-25,176.14,176.22,175.50,177.04,174.00,175.94,175.89,2207306,388252426.97,10134,
2021-08-24,177.74,177.80,178.34,179.40,176.98,177.18,177.967,2806012,500074781.36,10188,
2021-08-23,177.66,177.70,176.36,178.22,175.70,177.68,177.357,2688053,477893770.03,10258,
2021-08-20,174.94,174.96,171.30,175.54,171.26,174.90,174.195,3138510,546797664.9,12060,
2021-08-19,171.32,171.38,172.62,173.32,170.54,171.30,171.661,2979390,511424900.12,14164,
2021-08-18,174.84,174.86,175.18,175.36,173.70,174.88,174.507,2252863,393133533.11,9523,
2021-08-17,175.06,175.10,174.40,176.70,174.40,175.12,175.563,3209880,563552035.44,11736,
2021-08-16,174.60,174.64,179.96,179.96,174.26,174.34,175.784,3695186,649564636.71,13204,
2021-08-13,180.24,180.30,180.00,181.80,179.72,180.16,180.532,1526501,275587354.01,5948,
2021-08-12,180.06,180.14,178.90,180.12,178.60,180.12,179.737,1247882,224288914.54,5074,
2021-08-11,179.42,179.48,179.08,179.96,178.50,178.98,179.158,1487600,266518852.33,7549,
2021-08-10,179.20,179.26,179.70,180.82,177.80,179.24,178.947,1872847,335173424.77,7618,
2021-08-09,179.68,179.74,180.00,180.44,178.66,179.70,179.506,1448240,259971280.92,6541,
2021-08-06,180.28,180.34,180.14,180.62,178.66,180.40,179.902,2073122,372955624.44,7861,
2021-08-05,180.36,180.42,180.20,180.92,178.54,180.14,180.10,2606459,469416150.07,9965,
2021-08-04,180.78,180.88,181.62,182.48,180.50,180.70,181.247,2344734,425010486.05,9017,
2021-08-03,180.90,180.96,181.64,181.72,180.18,181.00,180.898,2027279,366741756.84,9191,
2021-08-02,181.70,181.74,181.44,183.78,181.26,181.26,181.88,2359099,429143338.18,7853,
2021-07-30,180.48,180.50,184.06,185.00,179.92,180.12,180.788,5319830,961834615.81,16695,
2021-07-29,185.38,185.46,186.50,187.54,185.16,185.34,185.819,1903913,353810975.1,6181,
2021-07-28,186.60,186.64,185.60,187.70,185.30,186.22,186.583,1769968,330273957.87,7573,
2021-07-27,185.80,185.84,187.34,187.42,184.84,185.44,185.886,2724718,506517928.52,11961,
2021-07-26,187.38,187.44,186.80,188.82,185.86,187.78,187.567,1688841,316769394.47,6359,
2021-07-23,187.04,187.12,187.06,187.92,186.08,187.48,187.185,2453896,459319572.14,8617,
2021-07-22,186.32,186.40,188.64,190.88,186.14,186.14,187.779,2803871,526621478.22,10722,
2021-07-21,187.90,187.96,185.00,188.46,184.34,187.88,187.285,2980764,558252648.49,10946,
2021-07-20,183.52,183.56,185.18,185.74,182.18,183.66,183.825,3782996,695479996.49,11340,
2021-07-19,183.54,183.60,188.62,188.88,182.10,183.48,184.547,4838880,893753229.96,17414,
2021-07-16,190.48,190.54,192.50,194.46,190.00,190.00,191.402,4513634,863984116.7,13314,
2021-07-15,191.60,191.64,201.00,201.00,191.22,191.46,194.156,4236783,822717317.08,14114,
2021-07-14,201.45,201.55,200.00,202.15,198.82,201.70,200.948,1929078,387629099.7,5446,
2021-07-13,200.15,200.25,199.08,200.90,198.66,200.90,200.465,3191545,639783697.82,8182,
2021-07-12,199.00,199.02,199.00,199.76,197.76,198.98,198.802,1810874,360035132.76,8046,
2021-07-09,198.52,198.60,196.40,199.10,195.18,198.38,198.078,3539067,701012265.2,10546,
2021-07-08,195.62,195.70,201.75,202.25,193.90,194.84,196.007,5769778,1130964250.55,18137,
2021-07-07,202.25,202.35,204.10,205.40,201.65,202.85,203.264,2755294,560030472.32,9646,
2021-07-06,202.25,202.40,204.90,206.15,202.15,202.90,204.383,2834464,579392750.98,10621,
2021-07-05,204.15,204.20,202.45,204.80,200.60,204.80,203.642,2708192,551489795.89,8217,
2021-07-02,202.30,202.40,199.00,204.70,199.00,202.40,202.676,4141248,840049630.68,10344,
2021-07-01,200.65,200.90,199.78,201.40,193.00,200.80,198.122,9502701,1882206096.16,30277,
2021-06-30,203.20,203.40,201.00,204.70,197.88,203.00,202.148,3657990,739421660.08,12025,
2021-06-29,200.55,200.65,198.10,201.30,198.08,201.00,200.433,2170129,434924068.53,6825,
2021-06-28,197.84,197.88,201.50,201.50,197.36,197.94,198.426,2464088,488945145,8252,
2021-06-24,201.55,201.60,198.78,201.95,198.44,201.70,200.995,2294660,461202903.99,8736,
2021-06-23,197.96,198.00,199.68,199.82,197.34,197.98,198.32,2126706,421772605.47,7052,
2021-06-22,199.82,199.88,201.20,201.20,198.08,199.80,199.484,2080618,414959317.86,6701,
2021-06-21,199.92,199.98,198.46,201.25,196.76,199.96,199.789,2654870,530571317.17,8968,
2021-06-18,198.64,198.72,204.65,206.50,198.50,199.24,201.126,4163844,837550476.83,11656,
2021-06-17,204.15,204.20,204.55,205.50,204.00,204.65,204.619,2440473,499365530.3,6413,
2021-06-16,204.75,204.85,204.55,205.60,203.55,204.60,204.586,2704086,553210852.12,10322,
2021-06-15,204.25,204.40,211.70,211.90,203.80,203.80,205.65,4658618,958045302.9,13184,
2021-06-14,210.25,210.35,211.90,212.95,208.25,209.80,210.67,2133361,449471308.05,6393,
2021-06-11,210.95,211.05,209.90,211.10,208.60,210.75,210.266,2113516,444364702.45,5294,
2021-06-10,208.20,208.30,210.55,210.55,206.80,207.90,208.276,2525591,526066083.67,7199,
2021-06-09,210.60,210.65,212.00,213.45,209.75,210.55,211.42,1506482,318506464.8,5426,
2021-06-08,211.50,211.65,208.85,212.30,208.45,211.40,210.869,2356042,496806266.11,7192,
2021-06-07,208.65,208.70,209.30,210.70,207.90,208.65,208.998,1773130,370602580.94,5910,
2021-06-04,209.80,209.90,211.15,213.10,208.75,209.30,209.986,2012404,422575541.78,6512,
2021-06-03,211.55,211.70,213.95,213.95,209.45,211.25,211.556,2215983,468805922.37,8577,
2021-06-02,214.30,214.35,212.40,215.50,211.70,213.70,214.093,4741004,1015079155.03,8343,
2021-06-01,212.90,213.05,213.05,214.20,210.95,212.40,212.752,2365843,503398075.78,7879,
2021-05-31,212.50,212.55,214.60,215.55,211.15,211.85,212.503,2051723,436000967.81,5182,
2021-05-28,215.10,215.20,212.80,215.50,211.10,214.85,214.461,2356285,505293321.15,6768,
2021-05-27,213.20,213.30,211.30,214.45,210.95,212.65,212.735,8910529,1895682652.87,10238,
2021-05-26,212.55,212.65,214.25,214.65,211.80,212.30,212.743,2017614,429241510.17,6164,
2021-05-25,213.75,213.80,215.25,215.45,213.05,213.50,213.868,2780619,594772883.09,8380,
2021-05-24,214.70,214.80,216.20,218.10,213.15,214.90,215.185,3003079,646031282.96,7784,
2021-05-21,214.00,214.05,213.50,214.80,212.00,213.90,213.832,2209073,472382632.18,6557,
2021-05-20,212.90,213.00,213.70,213.70,208.85,212.95,211.902,3175715,672915195.69,10468,
2021-05-19,213.50,213.60,211.50,214.30,210.20,212.45,212.312,2952398,626816690.42,9279,
2021-05-18,214.85,214.90,212.50,215.15,212.50,214.50,214.428,3753656,805014008.18,9967,
2021-05-17,211.90,212.00,212.00,212.90,208.60,212.00,210.96,2485142,524217432.07,7352,
2021-05-14,211.30,211.40,204.30,211.90,204.30,211.90,208.864,3692408,771155807.59,12357,
2021-05-12,202.05,202.20,205.80,205.90,202.00,202.30,203.181,1869498,379865628.43,6498,
2021-05-11,206.15,206.25,209.50,210.95,205.75,206.55,207.015,2301209,476423896.55,7800,
2021-05-10,212.10,212.20,211.75,213.00,209.50,212.10,211.177,1638101,345917866.17,6508,
2021-05-07,211.90,212.05,212.55,213.25,210.65,211.75,212.157,1446879,306970809.85,5305,
2021-05-06,209.95,210.10,211.80,212.85,208.35,210.55,210.305,2612898,549501835.37,8244,
2021-05-05,211.70,211.80,207.85,211.85,207.80,211.85,210.577,1935719,407586375.67,5843,
2021-05-04,207.20,207.30,209.05,212.25,207.00,207.25,208.973,3729408,779442431.72,9830,
2021-05-03,208.40,208.50,209.25,209.70,205.85,208.90,208.197,1792513,373196559.33,5430,
2021-04-30,208.45,208.50,210.10,211.40,208.15,208.80,209.533,1366934,286468565.24,3556,
2021-04-29,210.55,210.65,208.15,213.60,208.15,210.50,211.593,3530687,747080727.58,11329,
2021-04-28,207.75,207.85,208.20,209.15,206.65,207.70,207.753,2592457,538593176.76,6289,
2021-04-27,207.90,208.00,210.70,210.75,207.40,208.20,208.389,2643142,550826426.08,8079,
2021-04-26,210.85,210.95,208.20,213.40,208.15,210.75,211.043,2194037,463043216.02,8769,
2021-04-23,208.20,208.30,206.65,208.40,205.20,208.20,207.351,2453370,508700793.04,7318,
2021-04-22,206.85,206.95,205.10,207.40,203.35,207.35,206.325,2143330,442003334.76,6702,
2021-04-21,203.90,204.00,201.55,204.95,200.75,204.10,203.565,2597388,528726416.71,9169,
2021-04-20,199.90,199.96,207.00,208.00,199.90,200.55,203.086,3039254,617304797.8,11608,
2021-04-19,206.85,206.95,208.30,208.95,206.70,207.25,207.533,2211429,458341817.03,7624,
2021-04-16,208.35,208.40,204.45,208.80,203.90,208.65,207.367,3016611,625641832.06,8923,
2021-04-15,204.70,204.75,203.80,205.15,202.65,204.70,204.288,3393580,693274904.27,8239,
2021-04-14,203.55,203.60,202.05,203.95,200.75,203.65,202.641,3193452,647119455.93,7584,
2021-04-13,202.15,202.25,197.40,203.55,197.40,202.05,201.509,4216118,849545131.43,12397,
2021-04-12,197.56,197.60,200.05,200.30,197.28,197.96,198.122,2520407,499342215.55,8634,
2021-04-09,199.70,199.76,199.70,200.05,198.04,200.05,199.306,2505061,499271039.18,6165,
2021-04-08,198.86,198.94,201.30,202.45,198.50,199.28,199.405,2955254,589268236.72,10057,
2021-04-07,201.10,201.20,200.80,202.95,199.52,201.55,201.459,2473670,498338619.86,8589,
2021-04-06,200.25,200.40,198.58,200.85,195.82,200.85,199.749,5060040,1010716282.16,12920,
2021-04-01,195.80,195.82,196.76,198.40,194.54,195.42,196.295,2097856,411810969.24,9044,
2021-03-31,196.90,197.00,200.00,203.20,195.35,196.75,197.742,5907819,1168347729.53,17504,
2021-03-30,202.70,202.90,200.70,203.40,199.50,203.40,201.975,2721980,549716865.05,7517,
2021-03-29,199.80,199.85,204.90,205.40,199.60,199.80,201.214,3868950,778464147.38,9724,
2021-03-26,204.90,205.00,200.60,206.10,200.10,205.40,204.584,3677728,752404524.35,9837,
2021-03-25,202.50,202.60,202.90,204.20,197.05,202.70,200.90,6998067,1405936548.34,20932,
2021-03-24,206.30,206.50,208.30,210.30,204.60,206.50,206.813,4938195,1020603870,13570,
2021-03-23,210.30,210.50,210.10,211.70,208.50,210.50,210.382,2484300,522538181.5,7655,
2021-03-22,211.90,212.10,213.50,214.30,209.30,211.50,212.09,3456820,711201694.2,7229,
2021-03-19,213.60,213.70,215.00,216.40,212.70,213.80,214.018,5386453,1152818478.95,12969,
2021-03-18,218.30,218.50,223.00,224.70,216.20,218.20,218.573,5434305,1187842149.15,13377,
2021-03-17,221.90,222.00,223.30,223.30,218.20,221.30,220.821,4052813,894925756,13500,
2021-03-16,223.40,223.60,222.00,229.50,221.70,223.40,224.234,4962375,1112713594.35,13122,
2021-03-15,219.30,219.50,221.00,226.80,218.40,219.80,221.544,4127579,914441455.75,12951,
2021-03-12,220.60,220.80,216.00,221.30,215.70,220.00,219.089,3636295,796864466.6,8593,
2021-03-11,216.50,216.60,217.10,218.20,215.10,216.50,216.433,2676578,579304481.6,9065,
2021-03-10,214.90,215.10,214.00,217.10,212.60,214.60,215.183,3882983,835748814.55,11224,
2021-03-09,214.00,214.10,210.00,214.40,209.80,213.90,213.449,3187938,680466536.25,7772,
2021-03-08,208.90,209.00,204.10,209.20,203.90,208.80,207.835,2905436,603848663.9,8065,
2021-03-05,202.70,202.90,203.90,205.80,202.20,202.50,203.472,2087604,424775407.6,6989,
2021-03-04,204.80,204.90,202.50,205.40,201.80,205.40,204.307,2642576,539852151.91,7468,
2021-03-03,203.00,203.20,201.50,204.00,201.30,203.20,202.888,3056585,620121500.6,7554,
2021-03-02,201.20,201.30,202.00,203.30,200.70,201.00,201.599,2356853,475163300.75,8141,
2021-03-01,202.10,202.30,200.00,204.30,199.95,202.30,202.669,2594766,525896662.75,7547,
2021-02-26,199.45,199.55,195.20,204.90,193.50,199.00,200.038,4522874,904996908.99,14579,
2021-02-25,199.40,199.50,198.00,201.60,196.95,199.35,199.751,3397248,678659289.16,10573,
2021-02-24,197.70,197.80,194.45,197.80,193.60,197.20,196.464,3135652,615913343.76,10246,
2021-02-23,195.25,195.35,190.00,197.30,190.00,195.50,194.931,5060250,986360211.07,15932,
2021-02-22,190.25,190.30,188.75,190.65,186.85,190.00,189.162,2266093,426715597.5,6773,
2021-02-19,188.50,188.60,188.05,190.75,187.10,189.00,189.063,3281061,620314543.68,10294,
2021-02-18,188.00,188.10,185.25,189.45,184.65,188.05,187.324,3573132,669293458.65,10208,
2021-02-17,184.80,184.90,184.80,186.40,184.30,185.05,185.327,2555029,473516788.96,8340,
2021-02-16,185.20,185.30,185.40,188.10,184.95,185.30,186.101,2237689,416450822.64,7258,
2021-02-15,185.95,186.05,179.85,186.40,179.60,185.60,184.472,3575544,659574418.87,8954,
2021-02-12,179.30,179.40,180.10,180.35,178.30,179.85,179.495,1623966,291469358.18,5155,
2021-02-11,180.10,180.15,177.40,180.50,176.70,180.50,179.59,2352069,422420037.44,7123,
2021-02-10,177.60,177.70,180.40,181.95,176.30,177.35,178.293,2379817,424316741.21,7701,
2021-02-09,179.25,179.30,182.00,182.25,179.20,179.65,180.169,2273787,409657674.27,5707,
2021-02-08,182.40,182.50,183.70,184.45,182.20,182.20,182.921,1856776,339617093.09,5660,
2021-02-05,183.40,183.50,181.60,184.35,180.75,183.70,183.261,2254221,413099568.48,5587,
2021-02-04,181.55,181.60,180.30,181.80,179.30,181.25,180.805,2644885,478195247.44,8122,
2021-02-03,180.10,180.20,180.50,183.30,179.15,180.30,180.977,3074425,556382125.81,9642,
2021-02-02,179.85,179.95,177.50,180.55,176.20,179.55,179.049,3136187,561489713.62,9627,
2021-02-01,177.30,177.45,179.50,181.35,176.55,177.00,178.286,4619132,823507484.35,15223,
2021-01-29,179.70,179.75,193.15,194.35,178.10,179.00,181.951,9642682,1754376892.05,26826,
2021-01-28,188.80,188.90,185.00,189.50,180.60,188.50,185.907,6325548,1175340030.81,18194,
2021-01-27,185.20,185.25,177.95,185.90,177.85,185.90,183.574,7833520,1437845850.33,19217,
2021-01-26,177.90,177.95,175.50,179.50,173.80,177.95,177.424,2838073,503521504.28,8583,
2021-01-25,175.55,175.65,183.00,183.15,175.25,175.50,177.082,3965109,701864247.81,11072,
2021-01-22,182.10,182.20,183.90,183.90,181.60,182.65,182.563,2789905,509306816.62,5839,
2021-01-21,184.15,184.20,185.00,186.00,183.05,184.40,184.337,2577464,475074716.3,7508,
2021-01-20,184.00,184.10,183.50,185.20,183.20,184.00,184.192,2219527,408788246.51,6309,
2021-01-19,183.15,183.30,185.25,187.45,182.50,183.35,183.726,2706736,496733264.56,6514,
2021-01-18,184.50,184.60,178.90,184.80,178.75,184.50,183.608,2749126,503868990.8,8043,
2021-01-15,179.80,179.90,179.35,182.65,177.75,180.05,179.491,2950266,529506735.18,8365,
2021-01-14,180.10,180.15,176.75,182.30,176.50,179.65,179.78,3555145,639190695.23,8582,
2021-01-13,176.10,176.15,177.60,178.00,175.20,175.75,176.125,2941260,518087413.51,7227,
2021-01-12,177.00,177.05,175.10,177.85,174.70,177.40,176.948,2217802,392411941.65,6138,
2021-01-11,175.35,175.45,177.20,178.15,174.75,175.75,176.001,2553530,449471451.61,6815,
2021-01-08,177.60,177.70,178.05,179.10,177.20,177.95,178.022,2660546,473640153.12,7763,
2021-01-07,177.20,177.30,174.00,177.40,172.50,177.40,175.923,4242777,746356653.9,11666,
2021-01-05,170.45,170.55,168.55,172.50,168.30,170.80,171.025,1554905,265930855.39,4264,
2021-01-04,170.80,170.85,172.65,174.80,169.35,171.00,171.396,3570441,612027881.51,11196,
2020-12-30,172.95,173.00,173.60,174.80,172.00,172.00,172.889,2242121,387683407.23,5495,
2020-12-29,174.35,174.45,172.55,177.40,172.55,174.05,175.388,2645356,463983510.18,7366,
2020-12-28,171.90,171.95,172.90,172.95,170.25,172.50,171.779,1999654,343473035.68,6710,
2020-12-23,172.15,172.25,171.60,172.60,170.30,172.50,171.843,1332813,229035030.2,4298,
2020-12-22,171.10,171.15,169.30,171.60,168.75,171.60,170.481,2189633,373517934.95,6310,
2020-12-21,169.35,169.45,169.80,170.95,167.00,169.00,168.803,4252560,719984229.74,11351,
2020-12-18,173.90,173.95,177.70,177.70,173.40,173.80,174.681,4646740,811688171.83,10396,
2020-12-17,177.75,177.85,177.90,178.85,176.60,177.85,177.704,2305606,409733431.78,6257,
2020-12-16,177.45,177.60,176.25,179.10,175.35,177.40,177.226,3932908,697019109.51,8452,
2020-12-15,177.50,177.60,181.15,184.80,175.05,177.70,177.873,6637701,1180676745.16,15803,
2020-12-14,182.60,182.70,181.65,185.50,181.15,183.00,183.162,4213236,771735438.49,9818,
2020-12-11,181.85,181.95,185.45,186.35,180.45,181.95,182.109,4672443,850842632.43,11696,
2020-12-10,186.15,186.20,186.50,186.70,184.70,186.15,185.817,3996555,742612996.21,9860,
2020-12-09,186.20,186.30,187.30,188.10,185.75,186.35,186.545,3883215,724392615.63,9112,
2020-12-08,186.55,186.70,187.50,187.95,184.60,187.00,186.294,3031870,564778407.59,8080,
2020-12-07,188.30,188.35,187.90,189.40,187.25,188.50,188.33,3903985,735228448.47,10472,
2020-12-04,187.85,187.90,186.15,188.45,185.60,187.85,187.633,2290450,429761450.68,7057,
2020-12-03,185.85,185.90,184.35,186.30,183.80,186.15,185.579,3238213,600907503.69,5826,
2020-12-02,184.55,184.65,185.00,185.45,183.40,184.20,184.345,2328252,429200438.65,6140,
2020-12-01,185.80,185.90,182.00,186.45,181.55,185.75,185.154,3415614,632405777.87,7738,
2020-11-30,182.00,182.10,181.80,182.75,178.70,181.60,181.456,6152805,1116434141.01,8236,
2020-11-27,182.50,182.60,184.60,186.20,182.25,182.65,183.404,2859231,524420038.71,7937,
2020-11-26,185.00,185.10,186.00,186.50,183.75,184.85,184.892,1914578,353998467.93,6273,
2020-11-25,186.50,186.65,188.05,188.90,185.50,186.00,186.869,4235002,791431378.18,12761,
2020-11-24,187.60,187.65,180.55,188.15,180.55,188.05,185.61,7881378,1462306001.65,19201,
2020-11-23,176.50,176.55,175.65,178.10,175.30,176.25,176.492,3349967,578103426.06,7453,
2020-11-20,175.25,175.30,172.95,176.85,172.35,175.35,175.42,4182610,733704239.11,9948,
2020-11-19,173.65,173.75,169.25,174.20,168.80,173.00,171.975,3444911,592419126.81,9493,
2020-11-18,174.30,174.40,171.55,174.80,170.65,174.35,173.518,3612044,626737430.67,8052,
2020-11-17,171.55,171.60,173.45,173.50,168.95,171.55,171.05,4125606,705701495.25,10199,
2020-11-16,173.75,173.90,169.45,174.60,169.05,173.45,172.326,5014734,864136270.86,11358,
2020-11-13,168.70,168.80,166.70,169.25,165.65,168.45,168.114,4147428,697220401.22,8744,
2020-11-12,168.00,168.10,170.05,171.45,166.30,168.05,168.488,4757671,801488732.71,13421,
2020-11-11,171.95,172.05,174.90,175.90,170.10,171.90,172.616,3983944,687879877.01,13094,
2020-11-10,175.00,175.10,168.60,175.90,166.50,175.00,172.911,8458638,1462588030.1,22741,
2020-11-09,169.30,169.35,156.00,178.95,155.80,169.60,170.39,15934017,2715199934.46,41984,
2020-11-06,153.80,153.90,153.70,154.55,150.35,154.35,153.081,3116648,477087738.5,7624,
2020-11-05,154.25,154.35,149.70,154.35,148.55,154.05,152.335,3956362,602687346.69,10270,
2020-11-04,148.55,148.65,146.15,149.60,145.15,148.50,147.643,4621171,682277210.39,11059,
2020-11-03,148.75,148.85,144.00,149.40,143.95,149.40,148.19,3366791,498906712.26,7844,
2020-11-02,143.55,143.65,144.70,145.15,140.80,143.60,143.506,3722968,534271010.22,9256,
2020-10-30,144.75,144.80,140.55,144.90,140.55,144.60,143.674,2629800,377834340.47,6577,
2020-10-29,142.40,142.45,142.05,143.85,138.75,142.30,141.377,4746750,671059774.45,13086,
2020-10-28,142.55,142.65,145.00,145.40,140.50,142.60,142.857,7737042,1105339994.58,20736,
2020-10-27,148.35,148.45,153.50,153.75,147.50,148.45,149.433,4381167,654707434.07,11812,
2020-10-26,153.35,153.45,155.50,156.40,152.90,153.50,154.455,3763587,581365260.03,9740,
2020-10-23,158.05,158.10,158.30,160.30,157.40,158.05,158.647,2575608,408633124.2,7217,
2020-10-22,158.00,158.10,154.25,158.20,153.00,158.20,156.698,3806776,596469182.07,9386,
2020-10-21,155.15,155.20,158.65,158.70,154.75,155.15,155.939,3172547,494755913.1,8089,
2020-10-20,158.45,158.55,156.20,159.80,155.05,158.65,157.982,2979413,470690198.8,7831,
2020-10-19,156.50,156.55,155.80,158.30,155.40,157.10,156.578,2646389,414401097.29,6812,
2020-10-16,155.10,155.20,154.40,156.15,152.75,154.75,154.617,3774554,583581842.7,8893,
2020-10-15,153.40,153.50,157.10,157.10,152.65,153.30,153.728,4645122,714072731.26,11653,
2020-10-14,158.20,158.30,157.80,159.05,156.00,158.45,157.695,2754351,434327484.16,7039,
2020-10-13,157.50,157.55,160.15,160.50,156.90,157.30,158.163,3179479,502874986.73,7782,
2020-10-12,160.05,160.15,161.85,161.90,159.75,160.15,160.469,2922482,468967693.29,8119,
2020-10-09,161.25,161.35,164.00,164.35,161.15,161.85,162.222,3166009,513544435.57,8398,
2020-10-08,164.30,164.40,165.55,165.75,163.75,163.85,164.384,2684778,441347674.97,7177,
2020-10-07,163.90,164.00,162.50,164.25,162.00,164.20,163.557,3547054,580136618.57,8382,
2020-10-06,163.65,163.75,161.90,164.45,160.35,163.35,162.69,4739968,771113528.03,12188,
2020-10-05,161.00,161.05,163.90,164.65,160.55,160.55,161.782,4185315,677085632.86,10652,
2020-10-02,161.65,161.70,164.50,164.90,158.75,161.80,161.461,5907838,953873086.7,16620,
2020-10-01,164.30,164.45,160.15,167.55,160.10,164.15,164.525,12460324,2050205592.8,27768,
2020-09-30,155.65,155.70,154.05,156.45,152.10,154.75,154.235,5194365,801129721.8,11305,
2020-09-29,153.95,154.05,153.00,155.95,152.45,154.05,154.309,4341822,669978654.91,10686,
2020-09-28,152.65,152.70,149.20,152.80,149.20,152.60,151.66,4448680,674650989.7,10239,
2020-09-25,147.30,147.40,147.10,148.35,144.85,147.20,146.959,4393263,645642458.41,10556,
2020-09-24,146.40,146.50,148.00,148.85,145.75,146.60,147.177,4012228,590502209.9,10265,
2020-09-23,150.45,150.55,150.35,153.30,149.10,149.80,151.191,3816417,577029339.49,9695,
2020-09-22,149.10,149.15,150.00,150.95,148.15,148.75,149.489,5048589,754658161.81,11977,
2020-09-21,148.65,148.70,157.10,157.10,148.55,149.20,151.234,7329713,1108738479.77,15811,
2020-09-18,157.85,157.90,160.35,160.35,157.30,157.85,158.162,5188908,820713796.79,10527,
2020-09-17,160.80,160.90,159.00,160.95,158.15,160.55,159.869,4486927,717309799.13,11325,
2020-09-16,160.60,160.70,161.00,165.50,159.80,160.55,162.542,8124982,1320832105.6,19963,
2020-09-15,158.15,158.25,160.00,162.35,156.65,158.15,159.385,19927694,3176314614.49,39822,
2020-09-14,142.10,142.20,140.75,143.70,138.20,142.75,140.603,7749737,1089495707.57,18487,
2020-09-11,143.00,143.10,142.50,144.40,142.05,143.00,143.129,3130904,448119637.52,6393,
2020-09-10,143.40,143.50,141.50,144.25,140.15,142.95,142.32,4562879,649443308.32,9369,
2020-09-09,141.30,141.35,143.30,143.60,140.45,141.20,141.409,4109948,581175148.45,10737,
2020-09-08,143.60,143.65,142.10,144.60,141.50,143.80,143.21,5211612,746532527.72,10840,
2020-09-07,142.10,142.20,139.15,142.35,139.15,142.20,141.256,3586846,506653612.84,9006,
2020-09-04,137.70,137.75,138.75,141.00,136.90,137.60,138.84,4083195,566958256.55,10433,
2020-09-03,138.40,138.50,138.50,142.50,137.90,138.85,140.532,6048829,850083347.56,14566,
2020-09-02,136.30,136.35,135.85,138.50,135.70,136.40,137.063,5301922,726704966.69,12656,
2020-09-01,135.40,135.45,138.00,138.85,134.25,135.30,136.086,6627536,901919106.62,16838,
2020-08-31,138.50,138.55,141.25,141.70,137.90,137.90,139.31,3518048,490122292.78,7348,
2020-08-28,141.00,141.10,142.20,142.70,140.35,140.50,140.953,4054412,571544775.1,8955,
2020-08-27,142.30,142.45,143.00,143.20,140.35,142.20,141.697,2761988,391307937.01,7845,
2020-08-26,142.50,142.60,142.45,143.75,141.70,142.85,142.573,2779859,396337330.83,7981,
2020-08-25,143.30,143.40,144.45,146.45,142.60,143.50,144.278,4007203,578130862.02,9845,
2020-08-24,143.35,143.45,139.45,143.50,139.45,143.50,141.575,4792513,678211135.52,9772,
2020-08-21,138.25,138.35,139.20,139.70,136.80,138.30,138.183,3499863,483625922.76,8788,
2020-08-20,138.75,138.80,139.75,140.20,138.05,138.50,138.848,4355260,604706997.16,10647,
2020-08-19,141.45,141.55,140.80,142.20,139.80,141.60,140.863,2655991,374140520.06,7599,
2020-08-18,140.30,140.35,142.85,144.25,140.20,140.40,142.021,4222679,599768057.68,11153,
2020-08-17,143.50,143.60,143.85,145.15,142.10,143.75,143.474,2790113,400308220.5,8157,
2020-08-14,143.80,143.90,149.05,149.05,143.45,143.80,144.752,5396625,781150355.91,13227,
2020-08-13,149.15,149.25,148.00,150.40,146.60,149.20,148.969,3766148,561091999.06,10709,
2020-08-12,147.95,148.05,150.50,151.55,147.85,148.00,149.146,4558323,679973811.01,13893,
2020-08-11,150.50,150.60,146.15,151.20,146.15,150.80,149.936,8433876,1264495630.01,18879,
2020-08-10,143.95,144.00,140.00,144.60,139.40,144.60,142.552,5240117,747016768.36,11033,
2020-08-07,138.75,138.80,138.50,138.95,136.70,138.30,137.86,3416679,470953347.71,8230,
2020-08-06,138.60,138.65,141.45,141.60,138.10,138.70,139.077,4137579,575413212.07,10342,
2020-08-05,141.20,141.30,138.20,142.10,137.70,141.45,140.806,5807927,817633977.26,14225,
2020-08-04,137.15,137.20,136.75,139.10,135.75,137.30,137.056,5615311,769595362.68,13233,
2020-08-03,135.95,136.05,136.80,137.40,134.30,135.90,135.652,4072640,552439567.69,10449,
2020-07-31,136.20,136.30,133.20,138.00,132.85,135.85,135.989,6712070,912739120.84,13487,
2020-07-30,132.95,133.00,138.55,138.55,132.55,132.55,134.341,4776139,641682202.49,12178,
2020-07-29,138.20,138.30,136.80,138.80,135.65,138.55,137.561,3700708,509072645.14,9260,
2020-07-28,136.80,136.90,135.50,136.90,134.00,136.45,135.515,3254539,441027464.53,8684,
2020-07-27,135.20,135.30,135.15,136.50,133.20,135.15,135.152,3866020,522586794.08,10345,
2020-07-24,135.10,135.15,134.45,135.50,133.35,135.00,134.534,3985550,536180973.64,10747,
2020-07-23,136.05,136.10,136.10,137.15,135.60,136.20,136.334,3178469,433352383.97,7606,
2020-07-22,135.15,135.25,136.85,137.10,134.05,135.40,135.24,3865626,522776355.85,9705,
2020-07-21,136.75,136.85,135.70,138.05,135.35,136.90,137.048,4677267,641311225.63,10481,
2020-07-20,134.50,134.60,135.40,136.40,133.60,134.75,134.70,4227933,569505776.69,11500,
2020-07-17,135.60,135.70,137.15,137.70,134.80,135.45,135.741,5061019,686990946.42,11797,
2020-07-16,137.55,137.60,139.00,139.45,136.95,136.95,137.709,4063846,559642187.87,8900,
2020-07-15,139.05,139.10,137.00,139.75,135.75,139.50,137.965,5242810,723108714.89,11578,
2020-07-14,136.00,136.05,138.25,138.45,135.35,135.50,136.287,5610440,764639894.86,14293,
2020-07-13,139.75,139.80,138.55,140.00,137.15,140.00,138.686,4338200,601607159.91,10581,
2020-07-10,138.20,138.25,135.65,138.35,135.10,137.65,136.772,4630061,633231959.79,12502,
2020-07-09,136.75,136.95,139.10,139.85,136.50,136.55,138.011,4486007,619132478.39,11470,
2020-07-08,137.75,137.80,138.90,139.30,137.30,137.90,138.227,4694797,648964068.14,13306,
2020-07-07,140.55,140.65,141.50,141.50,139.30,140.05,140.18,4276696,599501913.95,10080,
2020-07-06,142.80,142.85,144.00,145.45,141.70,142.55,143.315,3784119,542307532.87,10840,
2020-07-03,141.05,141.15,141.80,143.10,140.80,141.50,141.641,3869309,548038657.14,9405,
2020-07-02,140.45,140.50,137.05,141.50,136.50,140.75,140.05,5139393,719781531.82,10945,
2020-07-01,135.85,135.95,134.55,138.40,132.25,135.70,135.276,7561730,1022351981.88,14775,
2020-06-30,135.00,135.10,135.10,136.10,132.40,135.00,134.469,6238244,838805942.73,14182,
2020-06-29,135.05,135.10,137.05,138.95,133.75,135.50,135.553,5982375,811104393.68,17688,
2020-06-26,137.80,137.90,146.00,146.85,137.05,137.05,140.139,8812371,1236025763.8,25327,
2020-06-25,144.60,144.80,141.40,146.00,139.25,145.05,143.215,4976202,712449660.4,12583,
2020-06-24,141.75,141.85,145.15,147.00,141.65,141.85,143.08,4062945,581425180.12,10143,
2020-06-23,145.25,145.30,141.70,146.75,141.65,145.15,144.905,5250210,769108551.11,13698,
2020-06-22,139.90,139.95,142.85,143.35,139.55,140.00,140.827,5163266,726817726.89,12450,
2020-06-18,143.75,143.85,146.10,146.40,143.70,144.15,144.591,5389221,779241284.94,9974,
2020-06-17,147.05,147.20,148.85,150.45,144.30,146.40,147.313,5915594,871301616.64,13173,
2020-06-16,148.30,148.40,150.45,150.90,146.50,148.35,148.848,6805283,1012951671.25,15166,
2020-06-15,144.45,144.60,140.55,145.25,139.00,144.35,142.45,6421836,914952489.58,17892,
2020-06-12,143.65,143.75,142.00,149.80,142.00,143.85,145.829,5691474,830012631.94,14834,
2020-06-11,144.65,144.80,150.35,150.60,144.50,144.60,147.217,7558708,1112491194.16,18065,
2020-06-10,155.45,155.55,159.10,162.45,154.55,155.40,156.893,6359137,997883072.32,15658,
2020-06-09,160.75,160.90,167.00,167.50,157.65,159.70,160.629,6835916,1098008052.73,17642,
2020-06-08,166.00,166.10,167.80,168.40,163.40,166.00,165.952,8046467,1335430682.35,20033,
2020-06-05,168.15,168.30,158.20,168.35,157.95,168.25,165.159,8256634,1364090919.85,20581,
2020-06-04,157.20,157.25,157.20,158.80,154.25,156.55,156.455,5616084,878688452.87,13373,
2020-06-03,157.35,157.45,156.00,159.60,155.10,157.20,157.496,7636042,1202735540.17,17919,
2020-06-02,154.00,154.10,149.10,155.30,147.90,153.90,152.984,7545255,1153496671.18,18860,
2020-06-01,147.65,147.75,145.20,148.00,142.90,148.00,146.491,4488481,657474337.78,10758,
2020-05-29,142.70,142.85,144.80,145.25,142.05,142.15,143.083,7283969,1042269888.86,13104,
2020-05-28,146.05,146.15,144.20,146.40,141.80,146.40,144.784,6768820,979854960.46,14864,
2020-05-27,141.95,142.10,134.20,145.35,133.60,143.15,141.19,8489200,1198730003.2,21348,
2020-05-26,134.05,134.15,132.50,135.20,132.30,134.10,134.033,4451341,596609951.91,11614,
2020-05-25,131.00,131.10,130.45,131.55,129.70,131.20,130.722,2578775,337096428.82,6773,
2020-05-22,128.75,128.85,127.50,131.15,125.60,129.25,128.677,3655862,470450592.74,9051,
2020-05-20,129.25,129.30,130.95,130.95,127.50,128.50,128.888,2352826,303265774.96,5948,
2020-05-19,131.25,131.35,131.35,132.25,127.95,131.25,130.282,6029376,785983931.67,13836,
2020-05-18,128.65,128.70,122.00,129.15,122.00,129.15,126.651,6307300,798756985.37,12197,
2020-05-15,119.00,119.05,120.65,123.00,117.95,119.95,120.00,4983520,598017870.98,11955,
2020-05-14,119.80,119.90,123.00,123.40,117.65,119.60,120.146,6207579,745831714.84,17265,
2020-05-13,124.45,124.50,130.60,130.70,123.70,123.70,125.84,6182310,778174047.05,14408,
2020-05-12,132.05,132.20,130.30,133.20,129.55,132.00,131.89,4508420,594688240.85,12150,
2020-05-11,130.70,130.80,130.90,133.05,128.15,130.75,130.437,6062269,790572121.2,15339,
2020-05-08,131.60,131.75,131.50,132.80,130.15,132.45,131.477,3845512,505553424.97,8880,
2020-05-07,131.50,131.60,128.20,132.50,127.45,130.85,130.547,8150590,1064003791.94,17883,
2020-05-06,127.05,127.20,126.75,128.60,123.80,127.00,126.823,4528762,574217056.94,11283,
2020-05-05,126.85,126.95,130.00,131.95,126.10,126.65,127.64,5569750,710945783.73,13164,
2020-05-04,127.55,127.65,131.85,131.85,127.10,127.85,128.273,8052562,1032940191.78,18721,
2020-04-30,136.70,136.80,141.00,142.05,136.20,136.20,137.598,3410615,469379194.45,7044,
2020-04-29,141.00,141.20,132.50,141.25,131.35,141.00,138.133,7147845,987015198.51,15658,
2020-04-28,133.45,133.55,130.10,135.35,129.05,133.10,132.581,4893905,648863988.86,11227,
2020-04-27,128.95,129.05,126.60,130.20,126.35,129.60,128.966,3764532,485462619.68,9590,
2020-04-24,124.80,124.90,126.80,128.35,124.75,124.75,125.843,4354235,547977962.3,11367,
2020-04-23,128.25,128.35,128.85,129.30,126.85,128.45,128.464,3630573,466360282.78,8706,
2020-04-22,127.90,128.00,130.65,131.45,126.60,128.05,128.183,4187449,536750800.08,10715,
2020-04-21,130.25,130.40,133.25,134.80,129.65,129.90,130.941,3715003,486470270.88,8828,
2020-04-20,134.95,135.10,137.00,137.60,132.15,135.50,134.995,3437796,470056919.02,9007,
2020-04-17,135.50,135.60,133.10,137.85,133.00,135.45,135.819,6395138,868737603.22,14739,
2020-04-16,128.10,128.15,134.30,135.00,127.65,128.45,129.575,6477106,839371582.78,15246,
2020-04-15,133.50,133.55,139.65,140.00,133.20,133.90,134.821,4990344,672767465.44,12948,
2020-04-14,139.20,139.35,140.50,142.05,136.55,139.30,139.109,5430619,755391284.62,15175,
2020-04-09,136.80,137.00,140.70,142.85,134.70,136.50,137.398,3420708,469926949.99,9630,
2020-04-08,137.50,137.70,133.80,140.00,131.70,137.25,136.586,6025179,823095957.6,15536,
2020-04-07,133.85,134.00,129.90,139.65,129.20,134.95,135.085,10788304,1457630087.05,26976,
2020-04-06,125.00,125.20,120.10,126.15,118.20,126.00,123.809,9963435,1233502575.36,24518,
2020-04-03,115.10,115.20,126.00,128.00,112.70,114.00,118.27,16224974,1920161526.69,38581,
2020-04-02,116.05,116.20,123.90,123.95,115.10,115.10,117.944,10098781,1191879557.35,21322,
2020-04-01,122.70,122.80,125.00,126.50,121.65,123.05,123.393,6958119,858629879.33,15807,
2020-03-31,126.84,126.98,125.00,130.14,124.30,128.00,127.363,14740943,1877458972.38,28604,
2020-03-30,121.84,121.96,123.48,123.80,119.20,122.26,121.319,7074777,858269124.7,18309,
2020-03-27,123.42,123.56,128.38,130.04,123.00,123.00,125.192,5829048,729957332.58,14325,
2020-03-26,129.18,129.34,130.40,132.56,124.70,130.00,128.559,7885709,1014029254.6,20027,
2020-03-25,133.64,133.90,126.14,134.38,121.56,134.04,129.576,9958580,1290068914.54,24893,
2020-03-24,121.64,121.80,120.62,123.16,113.88,123.16,119.536,8847096,1057260612.75,20281,
2020-03-23,109.14,109.22,107.92,112.00,105.30,108.78,108.596,9629655,1076436078.32,23744,
2020-03-20,113.10,113.32,119.30,123.78,112.62,113.24,116.436,8804999,1025449787.01,24101,
2020-03-19,112.64,112.96,106.14,116.44,102.44,113.32,110.925,9563822,1060297970.83,24579,
2020-03-18,104.96,105.22,109.00,109.00,98.13,105.88,104.57,12900095,1348918464.46,37168,
2020-03-17,114.70,114.90,121.76,124.60,109.38,114.94,114.10,9192300,1048728460.25,25261,
2020-03-16,119.52,119.68,120.00,124.78,114.94,119.74,120.196,9865928,1185842220.26,33983,
2020-03-13,134.04,134.14,134.40,143.58,130.66,134.02,135.931,11217979,1525191833.31,33047,
2020-03-12,132.76,133.00,141.50,144.74,130.80,131.90,136.16,12473565,1699448944.97,36736,
2020-03-11,150.04,150.12,158.26,159.94,149.90,150.00,153.169,7507849,1150035489.11,20163,
2020-03-10,158.06,158.18,162.00,164.46,156.66,157.36,160.408,5687409,912453478.72,16466,
2020-03-09,161.50,161.62,150.04,161.76,149.96,160.90,158.019,8599983,1358668844.65,27466,
2020-03-06,166.60,166.66,170.00,170.30,164.70,166.04,166.799,5900468,984193124.61,18247,
2020-03-05,172.56,172.64,179.26,179.54,171.26,172.72,173.587,5006114,868809756.54,14423,
2020-03-04,177.78,177.84,175.76,179.92,174.02,177.82,177.874,6115718,1087834879.4,12826,
2020-03-03,175.06,175.16,176.92,178.62,173.94,175.46,176.021,5743946,1011062277.08,18078,
2020-03-02,174.48,174.58,176.08,179.16,170.44,174.60,174.615,6533674,1140717562.2,19673,
2020-02-28,172.64,172.76,174.60,177.28,171.60,173.36,173.898,8676858,1508799272.51,23950,
2020-02-27,180.52,180.60,185.58,186.00,175.98,180.48,180.966,7685599,1390807505.8,19903,
2020-02-26,186.28,186.32,186.50,187.42,181.66,186.54,185.297,4607167,853686307,14804,
2020-02-25,187.06,187.12,191.78,193.94,186.74,187.32,189.525,4699298,890668595.63,14576,
2020-02-24,190.88,190.98,199.66,199.76,189.80,191.10,193.322,7367627,1424239988.19,20939,
2020-02-21,203.95,204.05,203.25,207.15,203.05,204.25,204.848,3539335,725012260.75,10053,
2020-02-20,203.55,203.65,203.30,203.90,201.25,203.90,203.156,2808108,570446509.01,7248,
2020-02-19,202.95,203.05,202.80,204.75,201.10,202.85,202.897,3134568,635984204.56,7957,
2020-02-18,202.00,202.15,203.85,205.15,201.75,201.75,202.65,3031667,614470118.52,6538,
2020-02-17,204.40,204.50,204.85,205.30,203.55,204.50,204.702,1672599,342384908.19,4989,
2020-02-14,204.60,204.70,202.10,205.45,202.10,204.50,204.41,4014583,820606764.77,11551,
2020-02-13,202.25,202.35,203.45,204.00,199.34,202.20,201.327,5812876,1170047023,17259,
2020-02-12,203.55,203.65,202.95,204.95,201.25,203.90,203.662,4386539,893421508.9,7823,
2020-02-11,204.60,204.65,204.70,205.35,202.55,204.10,203.865,2707579,551967716.03,6865,
2020-02-10,204.70,204.80,203.30,204.80,200.65,204.30,202.88,3680790,746705262.34,10685,
2020-02-07,203.80,203.90,208.80,208.80,203.55,204.00,205.308,3174887,651806894.13,9010,
2020-02-06,208.80,208.85,208.20,209.60,207.65,208.85,208.708,2610285,544773641.1,6168,
2020-02-05,207.05,207.15,210.15,210.55,207.05,207.60,208.289,2977253,620136486.97,8599,
2020-02-04,209.15,209.25,209.75,211.40,209.05,210.00,210.087,2976452,625316383.01,6936,
2020-02-03,208.20,208.30,211.60,212.65,206.60,208.35,208.682,4359652,910394924.52,12358,
2020-01-31,212.80,212.90,208.00,214.35,207.35,211.65,211.714,7529596,1594283703.61,21925,
2020-01-30,206.80,206.90,205.00,208.95,201.90,207.55,206.667,17765304,3671087118.55,47995,
2020-01-29,190.12,190.22,190.00,191.20,188.56,189.66,189.737,3801237,721262278.13,11363,
2020-01-28,190.56,190.60,185.00,190.66,185.00,189.64,188.525,3180124,599478216.62,8933,
2020-01-27,184.38,184.46,186.58,188.08,183.84,184.60,185.337,2593431,480720317.8,8111,
2020-01-24,189.08,189.18,188.80,191.38,188.68,188.94,189.593,2038624,386567295.57,7057,
2020-01-23,187.44,187.52,186.18,189.82,186.12,187.76,188.002,3007294,565389386.5,8429,
2020-01-22,186.72,186.76,186.14,187.90,185.50,186.54,186.655,2884566,538435055.12,7493,
2020-01-21,185.42,185.48,183.12,185.66,181.90,185.66,184.422,1934108,356646276.13,5797,
2020-01-20,184.08,184.10,184.98,184.98,183.84,184.20,184.32,2259892,417089739.35,7651,
2020-01-17,184.96,185.00,185.00,185.72,183.68,184.98,184.636,3494519,645185217.81,10600,
2020-01-16,184.36,184.44,183.48,186.36,183.48,184.86,184.899,2744142,507380069.95,7230,
2020-01-15,183.18,183.20,185.20,185.68,182.02,183.20,183.262,4033902,739178312.73,10523,
2020-01-14,184.86,184.88,185.00,186.22,183.24,184.80,184.861,2506885,463422718.51,7273,
2020-01-13,185.50,185.56,185.04,186.38,184.70,185.18,185.372,2777684,514906011.84,8380,
2020-01-10,185.00,185.04,190.18,190.66,183.88,185.04,185.738,5081181,943776030.27,14240,
2020-01-09,189.88,189.98,193.30,193.90,188.56,190.04,190.231,3694349,702780885.58,11705,
2020-01-08,192.50,192.56,191.42,193.30,189.32,192.50,191.746,2599995,498535568.52,8138,
2020-01-07,192.52,192.56,189.66,194.92,189.42,192.90,192.71,3341000,643856033.41,10079,
2020-01-03,189.96,190.04,191.70,191.70,189.30,190.18,190.239,1979569,376596419.19,5697,
2020-01-02,192.90,193.00,189.96,194.00,189.80,192.80,192.803,2217514,427552546.81,7554,
2019-12-30,190.26,190.30,193.40,194.14,190.02,190.48,191.135,1961912,375017015.93,5900,
2019-12-27,193.08,193.14,192.50,193.54,192.14,193.50,193.038,1577404,304494344.99,5415,
2019-12-23,191.96,192.00,192.68,193.44,191.16,192.46,192.217,1775038,341043482.71,5359,
2019-12-20,193.12,193.18,192.70,193.70,191.82,192.94,192.949,3039747,586508364.15,5572,
2019-12-19,192.48,192.54,192.50,193.60,191.20,192.70,192.62,2271727,437573667.95,5966,
2019-12-18,192.80,192.86,191.42,193.08,190.52,192.86,192.458,2151921,414133125.25,5767,
2019-12-17,191.24,191.32,194.00,194.40,189.48,191.80,191.549,4608516,882734380.85,10982,
2019-12-16,194.06,194.16,190.60,195.56,188.62,194.78,193.735,4314730,835857891,12576,
2019-12-13,189.80,189.88,193.28,193.98,189.70,190.62,191.739,4024903,771865994.59,11596,
2019-12-12,191.66,191.76,193.58,193.60,189.94,191.90,191.615,2886069,553022816.46,8805,
2019-12-11,193.04,193.10,191.50,193.58,191.14,193.28,192.837,3738424,720932331.83,10123,
2019-12-10,191.42,191.54,193.00,193.00,188.32,191.50,190.787,3782490,721616375.59,10618,
2019-12-09,193.98,194.04,191.64,195.30,191.30,193.90,194.052,3430700,665584635.52,9508,
2019-12-06,191.86,191.96,191.00,192.54,190.68,191.78,191.671,2573242,493218573.89,7959,
2019-12-05,190.68,190.72,189.78,191.78,188.54,191.00,190.764,4116403,785264854.52,10386,
2019-12-04,188.90,189.00,185.28,189.28,184.52,189.20,188.121,3571311,671819819.91,9325,
2019-12-03,184.74,184.78,184.24,187.80,184.24,185.20,185.862,4277587,795089405.18,13029,
2019-12-02,182.42,182.48,184.66,187.36,182.20,182.38,184.931,4408365,815344285.22,14647,
2019-11-29,185.04,185.10,183.14,186.62,182.88,184.84,185.086,3191500,590705296.95,7117,
2019-11-28,183.46,183.50,183.02,184.46,182.92,183.58,183.67,949381,174373226.74,3282,
2019-11-27,183.60,183.68,184.00,184.68,181.68,183.92,183.692,4172064,765873685.82,6375,
2019-11-26,183.70,183.78,184.52,185.00,182.66,183.12,183.322,3731382,684081126.54,7944,
2019-11-25,184.88,184.96,182.16,185.78,182.14,184.50,184.137,2442937,449824039.6,7265,
2019-11-22,181.86,181.90,181.12,182.14,180.40,182.14,181.581,2807772,509813426.82,9265,
2019-11-21,181.42,181.56,179.50,182.78,178.50,181.60,181.26,4619535,837360608.57,10542,
2019-11-20,179.78,179.84,182.56,182.70,179.52,179.86,180.441,4961482,895278258.4,11840,
2019-11-19,183.32,183.40,185.26,186.58,183.06,183.28,184.164,2521051,464302614.07,7491,
2019-11-18,185.30,185.40,185.00,185.96,183.80,185.16,184.94,2207469,409404597.54,7360,
2019-11-15,184.78,184.86,185.46,186.42,183.62,185.08,184.915,3373281,623771660.01,9935,
2019-11-14,184.98,185.06,188.24,188.60,184.24,185.00,185.443,3445316,638923433.65,8720,
2019-11-13,188.18,188.28,188.76,189.36,187.42,188.10,188.358,2202712,414900074.75,5906,
2019-11-12,188.92,188.98,187.50,189.34,186.40,188.74,188.518,3181447,599749027.69,7747,
2019-11-11,187.44,187.52,189.32,190.08,185.06,187.50,186.925,6335083,1176487769.14,18840,
2019-11-08,193.40,193.44,195.28,196.62,192.86,193.62,194.256,4696530,912364524.67,12663,
2019-11-07,196.34,196.42,198.46,200.10,195.66,195.66,197.047,4010598,790279369.31,8853,
2019-11-06,197.44,197.54,199.00,199.18,196.60,197.44,197.438,4338028,856515247.97,9948,
2019-11-05,198.62,198.68,201.50,201.50,197.26,198.68,198.628,3114672,618622950.32,8094,
2019-11-04,201.20,201.30,202.50,203.00,200.65,201.50,201.546,2746787,553601233.58,6538,
2019-11-01,,,,,,201.50,,,,0,
2019-10-31,201.55,201.60,204.00,204.20,200.50,201.75,201.73,2889399,582872280.72,5761,
2019-10-30,203.95,204.05,204.50,204.90,202.65,204.00,203.832,2108018,429686936.98,4071,
2019-10-29,203.75,203.85,206.45,206.50,203.80,204.65,204.715,2978522,609738446.88,8737,
2019-10-28,207.20,207.30,205.55,207.75,204.45,207.00,206.557,2070096,427597606.76,5634,
2019-10-25,205.55,205.70,206.40,206.85,204.95,205.50,205.719,1586978,326484594.78,4621,
2019-10-24,206.30,206.40,207.70,207.75,204.80,206.40,206.228,1899434,391716755.4,4050,
2019-10-23,207.65,207.75,205.70,208.10,204.35,207.90,206.822,1946929,402612759.36,4808,
2019-10-22,207.65,207.70,204.15,207.90,202.65,207.55,206.296,2697427,554952569.26,5954,
2019-10-21,204.10,204.25,206.65,207.10,203.80,203.80,204.589,3098848,627853113.5,7260,
2019-10-18,206.70,206.80,205.00,207.45,204.80,206.65,206.464,3157589,652010673.61,8215,
2019-10-17,205.00,205.10,206.15,208.15,203.70,205.35,205.924,2977229,613061896.87,9244,
2019-10-16,207.25,207.40,207.00,208.80,206.05,207.05,207.201,3199041,662854133.91,7348,
2019-10-15,206.95,207.05,204.90,207.65,204.65,206.50,206.612,3646674,753456647.51,8689,
2019-10-14,203.90,204.00,200.00,204.70,199.80,203.95,203.425,3157017,642214510.17,8939,
2019-10-11,200.10,200.15,202.60,202.90,198.96,199.96,200.319,3410637,683221634.68,9207,
2019-10-10,202.40,202.45,200.00,202.50,198.26,202.30,201.494,2923165,588937882.71,6448,
2019-10-09,200.55,200.60,199.22,200.80,197.38,200.70,200.092,3402491,680844893.04,7937,
2019-10-08,199.24,199.28,200.00,200.00,196.98,199.80,199.138,4017030,799921165.48,9156,
2019-10-07,199.86,199.96,193.40,201.55,193.40,200.25,199.534,7334827,1463415974.98,18299,
2019-10-04,192.78,192.88,194.94,194.94,187.00,192.70,191.482,5977953,1144452407.37,16467,
2019-10-03,192.08,192.20,188.10,198.20,186.14,191.66,193.668,13596166,2632936650.78,40554,
2019-10-02,183.98,184.04,189.62,189.94,182.92,184.44,185.419,4631720,858894231.82,11384,
2019-10-01,189.32,189.38,191.00,192.46,188.94,190.08,190.29,4095376,779320419.71,11108,
2019-09-30,190.80,190.84,192.00,192.24,190.34,190.84,191.018,2874394,549246781.35,8281,
2019-09-27,192.20,192.30,189.50,194.86,189.36,192.06,192.493,2962613,570308464.79,8518,
2019-09-26,189.10,189.20,187.28,189.76,186.94,189.12,189.042,1640310,310083908.05,5267,
2019-09-25,187.86,187.88,187.34,187.90,185.74,187.70,186.91,2916442,531685853.23,6177,
2019-09-24,187.86,187.94,187.00,188.50,186.58,187.34,187.472,2194437,410196509.12,4584,
2019-09-23,186.20,186.26,188.86,188.90,185.22,186.50,186.512,2664389,495475922.82,7211,
2019-09-20,189.50,189.56,189.82,190.50,188.52,189.02,189.185,3909797,739685235.39,6472,
2019-09-19,189.20,189.30,187.20,189.48,186.96,189.12,188.752,2764735,521853417.29,7126,
2019-09-18,187.42,187.50,185.90,187.80,185.54,187.20,187.016,1602646,299719161.46,3951,
2019-09-17,186.18,186.24,185.10,188.64,184.66,185.90,186.523,3409944,635998069.22,8535,
2019-09-16,184.30,184.36,187.00,188.06,182.86,184.90,185.159,5500942,1018574132.93,14550,
2019-09-13,189.86,189.96,189.62,190.26,187.92,190.24,189.611,2639865,500526535.35,6935,
2019-09-12,189.36,189.46,188.66,190.14,187.68,189.62,189.10,4247552,803198378.37,10076,
2019-09-11,188.14,188.20,193.28,193.28,187.90,188.48,189.926,3227760,613075590.31,9004,
2019-09-10,192.50,192.58,188.82,192.90,188.82,192.90,191.856,3888527,746062211.36,10209,
2019-09-09,188.80,188.86,191.10,191.70,188.20,189.00,189.575,2515095,476825174.23,6826,
2019-09-06,190.92,191.00,187.84,191.44,187.32,191.10,190.157,3156040,600182626.31,8161,
2019-09-05,187.22,187.30,186.48,187.76,184.00,187.38,186.319,3013618,561490289.01,8561,
2019-09-04,185.48,185.60,187.54,188.32,185.02,185.54,186.439,2255279,420442299.23,6797,
2019-09-03,185.92,186.02,185.00,186.44,180.40,186.44,184.916,2915368,539054770.16,8744,
2019-09-02,185.82,185.92,187.82,188.64,185.56,186.06,186.563,2015729,376051159.38,6931,
2019-08-30,187.26,187.32,187.50,191.10,186.54,187.98,188.577,3661595,690512760.14,10885,
2019-08-29,187.46,187.52,188.24,190.10,183.90,187.46,187.558,4901525,919311016.4,14329,
2019-08-28,188.70,188.80,185.64,189.48,185.02,188.24,188.14,7585788,1427083941.66,18054,
2019-08-27,180.60,180.68,180.20,180.94,178.42,180.30,180.167,2271539,409264889.24,5229,
2019-08-26,180.40,180.48,176.26,180.80,175.62,179.98,179.03,2906243,520272129.59,8650,
2019-08-23,178.02,178.10,179.30,180.92,177.62,177.94,179.136,2956511,529663842.91,9378,
2019-08-22,178.60,178.70,177.68,180.38,177.10,178.66,178.852,3763203,672745828.64,9506,
2019-08-21,177.58,177.64,175.22,178.46,175.22,177.60,177.416,2963748,525841914.55,8419,
2019-08-20,175.94,176.02,175.00,177.40,174.98,175.22,175.79,4134967,725176615.65,11851,
2019-08-19,175.16,175.18,169.44,175.84,169.40,174.82,173.222,4699920,814435638.72,11715,
2019-08-16,168.58,168.68,165.98,169.16,165.52,168.42,168.213,2890797,486236894.63,8171,
2019-08-15,165.30,165.42,166.54,167.64,163.18,165.60,165.534,3209436,531269238.65,8824,
2019-08-14,166.54,166.58,171.74,171.76,166.30,166.46,167.704,2952973,495232757.14,7787,
2019-08-13,171.68,171.78,168.98,174.18,168.02,171.62,170.613,4298902,733033197.28,14386,
2019-08-12,169.46,169.54,170.44,172.26,168.90,169.30,169.895,1845049,313476254.65,6314,
2019-08-09,169.96,170.06,169.70,171.54,169.18,170.28,170.321,2531473,431161151.9,7542,
2019-08-08,169.70,169.78,167.32,171.20,167.32,169.70,169.629,3353588,568847358.9,9477,
2019-08-07,165.44,165.52,164.00,166.34,163.44,165.30,165.163,2450519,404736032.59,7659,
2019-08-06,163.16,163.24,163.50,165.46,161.86,163.14,163.561,2344957,383581053.43,7567,
2019-08-05,163.56,163.64,165.96,165.96,162.50,163.80,163.796,3334696,546180149.1,9254,
2019-08-02,166.86,167.00,169.00,169.76,166.32,166.90,167.707,3490514,585419978.09,10092,
2019-08-01,173.14,173.22,168.12,174.10,167.70,172.82,172.475,3117572,537677783.14,9507,
2019-07-31,168.82,168.86,167.54,169.82,167.08,168.66,168.85,1864548,314831566,5482,
2019-07-30,167.96,168.00,170.88,170.88,167.22,168.00,168.666,2022834,341216942.14,6020,
2019-07-29,170.30,170.36,170.16,171.90,168.50,170.32,170.461,2036334,347091539.07,5285,
2019-07-26,170.24,170.32,169.50,170.94,168.70,170.46,170.362,1608098,273957267.85,3773,
2019-07-25,168.62,168.68,168.54,170.42,167.48,169.28,169.097,1990701,336616406.29,4805,
2019-07-24,168.10,168.16,169.58,169.64,167.54,168.04,168.131,1621327,272601338.52,3463,
2019-07-23,169.30,169.38,169.00,170.22,168.22,169.30,169.446,1847709,313048887.82,4443,
2019-07-22,168.30,168.40,168.60,171.34,167.90,168.36,169.45,2817584,476039818.28,5743,
2019-07-19,168.56,168.66,166.98,168.92,166.62,168.68,168.20,1944535,327067740.44,5210,
2019-07-18,166.80,166.86,168.18,168.18,165.48,166.62,166.669,2120352,353405691.92,6327,
2019-07-17,168.18,168.26,169.86,171.14,168.16,168.16,169.148,2240490,379133151.97,5321,
2019-07-16,169.54,169.60,169.50,170.66,168.68,169.78,169.897,1667629,283320483.14,4688,
2019-07-15,169.44,169.48,170.00,170.40,168.42,169.50,169.446,1649863,279586910.88,4915,
2019-07-12,169.80,169.86,170.00,171.40,169.48,170.00,170.142,2035558,346336832.66,6421,
2019-07-11,169.98,170.02,170.00,171.34,169.62,170.04,170.298,1727428,294178986.4,4759,
2019-07-10,169.82,169.92,169.70,171.60,168.70,170.00,170.221,3111413,529643245.57,6906,
2019-07-09,169.94,170.00,169.72,171.94,168.98,169.70,170.379,3724744,634611038.52,9757,
2019-07-08,169.56,169.60,168.10,170.16,168.10,169.60,169.529,2827793,479340826.54,7290,
2019-07-05,167.88,167.96,167.42,168.36,165.52,168.12,167.48,2688846,450316363.85,6605,
2019-07-04,165.44,165.52,165.50,166.78,164.82,165.96,165.842,1508468,250158987.41,3854,
2019-07-03,165.82,165.86,167.52,168.20,165.54,165.54,166.345,2840717,472637345.8,6182,
2019-07-02,167.28,167.34,166.34,168.42,165.10,167.18,167.291,4435615,742059787.39,10294,
2019-07-01,165.26,165.34,167.66,168.14,164.20,166.00,165.794,3819276,633187896.93,10055,
2019-06-28,165.34,165.42,165.00,170.34,163.84,165.36,166.79,7490661,1249381337.58,18280,
2019-06-27,165.48,165.56,155.00,165.88,155.00,165.00,161.444,15001364,2421466338.71,34297,
2019-06-26,145.26,145.34,145.00,146.24,144.06,145.16,145.143,2633990,382308893.99,6363,
2019-06-25,145.34,145.40,146.42,147.06,145.18,145.18,145.754,2184574,318427820.76,6105,
2019-06-24,146.76,146.80,146.74,149.32,146.60,146.66,147.311,3188790,470491444.84,7487,
2019-06-20,146.74,146.82,148.54,149.18,146.18,147.16,147.279,5607187,825819809.31,11848,
2019-06-19,147.16,147.22,150.50,150.62,147.16,147.36,148.159,3958768,586618164.36,8011,
2019-06-18,150.58,150.62,147.80,151.14,146.64,150.50,149.843,3639331,545336816.39,7421,
2019-06-17,147.50,147.52,155.00,155.44,146.76,148.04,149.867,6792164,1017974439.66,16686,
2019-06-14,154.08,154.12,152.00,154.96,150.14,154.04,153.361,2964870,454629792.36,7034,
2019-06-13,151.76,151.80,152.54,153.16,150.92,152.02,152.173,3179364,483852404.98,6755,
2019-06-12,152.48,152.54,150.88,153.26,150.56,152.68,152.347,2439137,371570541.44,6123,
2019-06-11,151.22,151.30,150.00,151.50,148.94,151.50,150.842,3058685,461091684.26,5838,
2019-06-10,149.96,150.00,149.76,151.34,149.68,150.28,150.196,1439381,216190125.6,3127,
2019-06-07,149.06,149.14,147.18,150.38,147.18,149.44,149.303,3599796,537449634.01,8130,
2019-06-05,147.14,147.18,145.86,147.66,145.12,147.66,147.085,3801264,558972523.65,7196,
2019-06-04,146.34,146.38,142.82,146.82,141.52,146.66,145.347,4217775,613002304.11,8790,
2019-06-03,143.22,143.28,141.60,143.72,140.06,143.72,142.554,3737586,532889543.48,7154,
2019-05-31,142.00,142.08,148.38,148.64,141.50,142.00,142.896,7348398,1050128379.48,17321,
2019-05-29,150.22,150.26,150.08,151.12,149.88,150.00,150.176,1688917,253643268.89,3948,
2019-05-28,151.86,151.90,150.90,152.50,149.40,151.90,151.712,9134903,1385757393.31,6699,
2019-05-27,150.88,150.96,151.66,151.90,149.86,150.90,150.591,1608209,242177338.88,4564,
2019-05-24,150.46,150.52,148.08,151.42,147.82,150.50,150.221,5047059,758145566.59,9591,
2019-05-23,147.82,147.86,152.26,152.44,147.78,148.06,149.676,4954788,741755776.41,11030,
2019-05-22,153.38,153.44,156.00,156.28,152.80,153.64,153.95,4416658,679940685.82,10044,
2019-05-21,155.02,155.04,156.40,156.40,154.36,155.80,155.535,4019593,625176832.89,6784,
2019-05-20,155.22,155.26,160.00,160.30,155.00,155.42,156.317,2964617,463654639.51,7128,
2019-05-17,159.94,159.96,159.50,160.50,157.10,160.00,159.046,3561544,566428186.59,9317,
2019-05-16,159.62,159.66,157.76,160.00,157.02,159.90,158.788,3863610,612779495.69,6923,
2019-05-15,157.74,157.78,158.22,158.60,156.90,158.00,157.625,2556665,402968723.54,7155,
2019-05-14,157.24,157.28,155.00,157.58,153.52,157.46,156.388,7338962,1145878831.06,9318,
2019-05-13,155.34,155.40,158.90,158.90,154.88,155.02,155.763,2635853,410585021.13,5849,
2019-05-10,158.88,158.96,159.72,160.02,158.20,158.96,159.031,2325100,369769481.75,5531,
2019-05-09,158.18,158.22,160.00,161.96,157.94,158.74,159.365,3017919,480986799.55,7592,
2019-05-08,161.84,161.88,162.00,163.18,160.70,161.98,161.817,3613192,580125716.3,7610,
2019-05-07,166.64,166.68,168.06,169.42,165.72,166.44,167.467,3317267,555512344.4,8664,
2019-05-06,168.18,168.20,168.32,168.56,164.74,167.90,167.03,2265848,378448012.79,6131,
